Workbook

Sheet Annually
A1: Year | B1: Deals | C1: Value | G1: Source
C2: in bil. USD | D2: in bil. EUR | E2: in bil. GBP | F2: in bil. YEN
A3: 1990 | B3: 84 | C3: 8.02297 | D3: 5.94122 | E3: 4.17205 | F3: 1067.7859 | G3: Thomson Financial
A4: 1991 | B4: 141 | C4: 6.25532 | D4: 5.12129 | E4: 3.5912 | F4: 827.46527 | G4: Thomson Financial
A5: 1992 | B5: 253 | C5: 10.30129 | D5: 7.94299 | E5: 5.98921 | F5: 1286.709 | G5: Thomson Financial
A6: 1993 | B6: 305 | C6: 7.11003 | D6: 6.07181 | E6: 4.69956 | F6: 769.92867 | G6: Thomson Financial
A7: 1994 | B7: 403 | C7: 14.21578 | D7: 12.02228 | E7: 9.24412 | F7: 1461.282 | G7: Thomson Financial
A8: 1995 | B8: 480 | C8: 17.1201 | D8: 14.20824 | E8: 10.87601 | F8: 1677.7005 | G8: Thomson Financial
A9: 1996 | B9: 572 | C9: 31.51602 | D9: 25.40287 | E9: 19.98843 | F9: 3470.6318 | G9: Thomson Financial
A10: 1997 | B10: 693 | C10: 66.63221 | D10: 59.8893 | E10: 40.81206 | F10: 8105.5784 | G10: Thomson Financial
A11: 1998 | B11: 1006 | C11: 79.23435 | D11: 71.02669 | E11: 48.05071 | F11: 11449.524 | G11: Thomson Financial
A12: 1999 | B12: 845 | C12: 67.74881 | D12: 64.16152 | E12: 41.9864 | F12: 7742.7427 | G12: Thomson Financial
A13: 2000 | B13: 1132 | C13: 83.14386 | D13: 89.00604 | E13: 54.38589 | F13: 8983.8032 | G13: Thomson Financial
A14: 2001 | B14: 854 | C14: 37.47899 | D14: 41.83805 | E14: 25.9984 | F14: 4560.4315 | G14: Thomson Financial
... A29: 2016 | B29: 1153 | C29: 72.86091 | D29: 65.74253 | E29: 55.05937 | F29: 7836.3278 | G29: Thomson Financial
A30: 2017 | B30: 1149 | C30: 98.56396 | D30: 87.29496 | E30: 76.36587 | F30: 11055.127 | G30: Thomson Financial
A31: 2018 | B31: =SUM(Monthly!B4:B15) -> 2378 | C31: =SUM(Monthly!C4:C15) -> 600.88861 | D31: =SUM(Monthly!D4:D15) -> 506.78843 | E31: =SUM(Monthly!E4:E15) -> 430.06125 | F31: =SUM(Monthly!F4:F15) -> 60238.698 | G31: Capital IQ | I31: Total Since 1990 | J31: Number of Deals | K31: Value of Deals
A32: 2019 | B32: =SUM(Monthly!B17:B28) -> 2215 | C32: =SUM(Monthly!C17:C28) -> 529.3415 | D32: =SUM(Monthly!D17:D28) -> 473.6641 | E32: =SUM(Monthly!E17:E28) -> 413.59771 | F32: =SUM(Monthly!F17:F28) -> 57761.513 | G32: Capital IQ | J32: =SUM(B3:B39) -> 40192 | K32: =SUM(C3:C39) -> 7558.7733
A33: 2020 | B33: =SUM(Monthly!B30:B41) -> 2047 | C33: =SUM(Monthly!C30:C41) -> 594.0725 | D33: =SUM(Monthly!D30:D41) -> 513.16559 | E33: =SUM(Monthly!E30:E41) -> 457.06041 | F33: =SUM(Monthly!F30:F41) -> 63042.976 | G33: Capital IQ
A34: 2021 | B34: =SUM(Monthly!B43:B54) -> 2513 | C34: =SUM(Monthly!C43:C54) -> 966.496 | D34: =SUM(Monthly!D43:D54) -> 817.24684 | E34: =SUM(Monthly!E43:E54) -> 702.59328 | F34: =SUM(Monthly!F43:F54) -> 106180 | G34: Capital IQ
A35: 2022 | B35: =SUM(Monthly!B56:B67) -> 1953 | C35: =SUM(Monthly!C56:C67) -> 890.02145 | D35: =SUM(Monthly!D56:D67) -> 835.51701 | E35: =SUM(Monthly!E56:E67) -> 708.15182 | F35: =SUM(Monthly!F56:F67) -> 114525.85 | G35: Capital IQ
A36: 2023 | B36: =SUM(Monthly!B69:B80) -> 1274 | C36: =SUM(Monthly!C69:C80) -> 482.443 | D36: =SUM(Monthly!D69:D80) -> 448.10256 | E36: =SUM(Monthly!E69:E80) -> 390.52578 | F36: =SUM(Monthly!F69:F80) -> 67201.911 | G36: Capital IQ
A37: 2024 | B37: =SUM(Monthly!B82:B93) -> 1259 | C37: =SUM(Monthly!C82:C93) -> 395.1733 | D37: =SUM(Monthly!D82:D93) -> 367.34058 | E37: =SUM(Monthly!E82:E93) -> 309.54943 | F37: =SUM(Monthly!F82:F93) -> 60176.806 | G37: Capital IQ
A38: 2025 | B38: =SUM(Monthly!B95:B106) -> 1409 | C38: =SUM(Monthly!C95:C106) -> 729.9188 | D38: =SUM(Monthly!D95:D106) -> 584.2128 | E38: =SUM(Monthly!E95:E106) -> 552.28498 | F38: =SUM(Monthly!F95:F106) -> 109268.64 | G38: Capital IQ
A39: 2026 (Mar 31) | B39: =SUM(Monthly!B108:B110) -> 333 | C39: =SUM(Monthly!C108:C110) -> 488.9679 | D39: =SUM(Monthly!D108:D110) -> 60.147221 | E39: =SUM(Monthly!E108:E110) -> 60.147221 | F39: =SUM(Monthly!F108:F110) -> 11059.518 | G39: Capital IQ
A40: 2026 e | B40: =B39/3*12 -> 1332 | C40: =C39/3*12 -> 1955.8716 | D40: =D39/3*12 -> 240.58888 | E40: =E39/3*12 -> 240.58888 | F40: =F39/3*12 -> 44238.074 | G40: Capital IQ

Sheet Monthly
A1: Year | B1: Number | C1: Value | G1: Source
C2: in bil. USD | D2: in bil. EUR | E2: in bil. GBP | F2: in bil. YEN
A3: 2018
A4: 43118 | B4: 214 | C4: =46712.9/1000 -> 46.7129 | D4: =IFERROR(__xludf.DUMMYFUNCTION("C4*IMPORTRANGE(""https://docs.google.com/spreadsheets/d/1xsp01RMmkav9iTy39Zaj_7tE9677EGlOJ14KU9TZn7I"", ""2018-2025!H25"")"),38.313453451) -> 38.313453 | E4: =IFERROR(__xludf.DUMMYFUNCTION("C4*IMPORTRANGE(""https://docs.google.com/spreadsheets/d/1xsp01RMmkav9iTy39Zaj_7tE9677EGlOJ14KU9TZn7I"", ""2018-2025!T25"")"),33.854240017) -> 33.85424 | F4: =IFERROR(__xludf.DUMMYFUNCTION("C4*IMPORTRANGE(""https://docs.google.com/spreadsheets/d/1xsp01RMmkav9iTy39Zaj_7tE9677EGlOJ14KU9TZn7I"", ""2018-2025!AC25"")"),5189.8031900000005) -> 5189.8032 | G4: Capital IQ
A5: 44975 | B5: 187 | C5: =35667.4/1000 -> 35.6674 | D5: =IFERROR(__xludf.DUMMYFUNCTION("C5*IMPORTRANGE(""https://docs.google.com/spreadsheets/d/1xsp01RMmkav9iTy39Zaj_7tE9677EGlOJ14KU9TZn7I"", ""2018-2025!H46"")"),28.893269055) -> 28.893269 | E5: =IFERROR(__xludf.DUMMYFUNCTION("C5*IMPORTRANGE(""https://docs.google.com/spreadsheets/d/1xsp01RMmkav9iTy39Zaj_7tE9677EGlOJ14KU9TZn7I"", ""2018-2025!T46"")"),25.544991879999998) -> 25.544992 | F5: =IFERROR(__xludf.DUMMYFUNCTION("C5*IMPORTRANGE(""https://docs.google.com/spreadsheets/d/1xsp01RMmkav9iTy39Zaj_7tE9677EGlOJ14KU9TZn7I"", ""2018-2025!AC46"")"),3839.9344502999998) -> 3839.9345 | G5: Capital IQ
A6: 45003 | B6: 218 | C6: =105604.7/1000 -> 105.6047 | D6: =IFERROR(__xludf.DUMMYFUNCTION("C6*IMPORTRANGE(""https://docs.google.com/spreadsheets/d/1xsp01RMmkav9iTy39Zaj_7tE9677EGlOJ14KU9TZn7I"", ""2018-2025!H69"")"),85.643299606) -> 85.6433 | E6: =IFERROR(__xludf.DUMMYFUNCTION("D6*IMPORTRANGE(""https://docs.google.com/spreadsheets/d/1xsp01RMmkav9iTy39Zaj_7tE9677EGlOJ14KU9TZn7I"", ""2018-2025!t69"")"),61.35999843571476) -> 61.359998 | F6: =IFERROR(__xludf.DUMMYFUNCTION("E6*IMPORTRANGE(""https://docs.google.com/spreadsheets/d/1xsp01RMmkav9iTy39Zaj_7tE9677EGlOJ14KU9TZn7I"", ""2018-2025!ac69"")"),6514.867153912796) -> 6514.8672 | G6: Capital IQ
A7: 45034 | B7: 182 | C7: =51710.9/1000 -> 51.7109 | D7: =IFERROR(__xludf.DUMMYFUNCTION("C7*IMPORTRANGE(""https://docs.google.com/spreadsheets/d/1xsp01RMmkav9iTy39Zaj_7tE9677EGlOJ14KU9TZn7I"", ""2018-2025!H91"")"),42.066300041000005) -> 42.0663 | E7: =IFERROR(__xludf.DUMMYFUNCTION("C7*IMPORTRANGE(""https://docs.google.com/spreadsheets/d/1xsp01RMmkav9iTy39Zaj_7tE9677EGlOJ14KU9TZn7I"", ""2018-2025!t91"")"),36.70956791) -> 36.709568 | F7: =IFERROR(__xludf.DUMMYFUNCTION("C7*IMPORTRANGE(""https://docs.google.com/spreadsheets/d/1xsp01RMmkav9iTy39Zaj_7tE9677EGlOJ14KU9TZn7I"", ""2018-2025!ac91"")"),5538.9096317) -> 5538.9096 | G7: Capital IQ
A8: 45064 | B8: 184 | C8: =58268.1/1000 -> 58.2681 | D8: =IFERROR(__xludf.DUMMYFUNCTION("C8*IMPORTRANGE(""https://docs.google.com/spreadsheets/d/1xsp01RMmkav9iTy39Zaj_7tE9677EGlOJ14KU9TZn7I"", ""2018-2025!H115"")"),49.292481876) -> 49.292482 | E8: =IFERROR(__xludf.DUMMYFUNCTION("C8*IMPORTRANGE(""https://docs.google.com/spreadsheets/d/1xsp01RMmkav9iTy39Zaj_7tE9677EGlOJ14KU9TZn7I"", ""2018-2025!t115"")"),43.086929225999995) -> 43.086929 | F8: =IFERROR(__xludf.DUMMYFUNCTION("C8*IMPORTRANGE(""https://docs.google.com/spreadsheets/d/1xsp01RMmkav9iTy39Zaj_7tE9677EGlOJ14KU9TZn7I"", ""2018-2025!ac115"")"),6387.5239263) -> 6387.5239 | G8: Capital IQ
A9: 45095 | B9: 198 | C9: =43963.4/1000 -> 43.9634 | D9: =IFERROR(__xludf.DUMMYFUNCTION("C9*IMPORTRANGE(""https://docs.google.com/spreadsheets/d/1xsp01RMmkav9iTy39Zaj_7tE9677EGlOJ14KU9TZn7I"", ""2018-2025!H137"")"),37.6766338) -> 37.676634 | E9: =IFERROR(__xludf.DUMMYFUNCTION("C9*IMPORTRANGE(""https://docs.google.com/spreadsheets/d/1xsp01RMmkav9iTy39Zaj_7tE9677EGlOJ14KU9TZn7I"", ""2018-2025!T137"")"),33.10883654) -> 33.108837 | F9: =IFERROR(__xludf.DUMMYFUNCTION("C9*IMPORTRANGE(""https://docs.google.com/spreadsheets/d/1xsp01RMmkav9iTy39Zaj_7tE9677EGlOJ14KU9TZn7I"", ""2018-2025!AC137"")"),4840.2384498) -> 4840.2384 | G9: Capital IQ
A10: 45125 | B10: 189 | C10: =29384.9/1000 -> 29.3849 | D10: =IFERROR(__xludf.DUMMYFUNCTION("C10*IMPORTRANGE(""https://docs.google.com/spreadsheets/d/1xsp01RMmkav9iTy39Zaj_7tE9677EGlOJ14KU9TZn7I"", ""2018-2025!H160"")"),25.160820625) -> 25.160821 | E10: =IFERROR(__xludf.DUMMYFUNCTION("D10*IMPORTRANGE(""https://docs.google.com/spreadsheets/d/1xsp01RMmkav9iTy39Zaj_7tE9677EGlOJ14KU9TZn7I"", ""2018-2025!T160"")"),19.0794502799375) -> 19.07945 | F10: =IFERROR(__xludf.DUMMYFUNCTION("E10*IMPORTRANGE(""https://docs.google.com/spreadsheets/d/1xsp01RMmkav9iTy39Zaj_7tE9677EGlOJ14KU9TZn7I"", ""2018-2025!AC160"")"),2118.2673481546412) -> 2118.2673 | G10: Capital IQ
A11: 45156 | B11: 182 | C11: =29464.5/1000 -> 29.4645 | D11: =IFERROR(__xludf.DUMMYFUNCTION("C11*IMPORTRANGE(""https://docs.google.com/spreadsheets/d/1xsp01RMmkav9iTy39Zaj_7tE9677EGlOJ14KU9TZn7I"", ""2018-2025!H184"")"),25.4514351) -> 25.451435 | E11: =IFERROR(__xludf.DUMMYFUNCTION("C11*IMPORTRANGE(""https://docs.google.com/spreadsheets/d/1xsp01RMmkav9iTy39Zaj_7tE9677EGlOJ14KU9TZn7I"", ""2018-2025!T184"")"),22.87329135) -> 22.873291 | F11: =IFERROR(__xludf.DUMMYFUNCTION("C11*IMPORTRANGE(""https://docs.google.com/spreadsheets/d/1xsp01RMmkav9iTy39Zaj_7tE9677EGlOJ14KU9TZn7I"", ""2018-2025!AC184"")"),3274.5961365000003) -> 3274.5961 | G11: Capital IQ
A12: 45187 | B12: 186 | C12: =41716.2/1000 -> 41.7162 | D12: =IFERROR(__xludf.DUMMYFUNCTION("C12*IMPORTRANGE(""https://docs.google.com/spreadsheets/d/1xsp01RMmkav9iTy39Zaj_7tE9677EGlOJ14KU9TZn7I"", ""2018-2025!H205"")"),35.850067956000004) -> 35.850068 | E12: =IFERROR(__xludf.DUMMYFUNCTION("C12*IMPORTRANGE(""https://docs.google.com/spreadsheets/d/1xsp01RMmkav9iTy39Zaj_7tE9677EGlOJ14KU9TZn7I"", ""2018-2025!T205"")"),31.902881112) -> 31.902881 | F12: =IFERROR(__xludf.DUMMYFUNCTION("C12*IMPORTRANGE(""https://docs.google.com/spreadsheets/d/1xsp01RMmkav9iTy39Zaj_7tE9677EGlOJ14KU9TZn7I"", ""2018-2025!AC205"")"),4664.7680583) -> 4664.7681 | G12: Capital IQ
A13: 45217 | B13: 202 | C13: =82409.5/1000 -> 82.4095 | D13: =IFERROR(__xludf.DUMMYFUNCTION("C13*IMPORTRANGE(""https://docs.google.com/spreadsheets/d/1xsp01RMmkav9iTy39Zaj_7tE9677EGlOJ14KU9TZn7I"", ""2018-2025!H229"")"),71.61715188) -> 71.617152 | E13: =IFERROR(__xludf.DUMMYFUNCTION("C13*IMPORTRANGE(""https://docs.google.com/spreadsheets/d/1xsp01RMmkav9iTy39Zaj_7tE9677EGlOJ14KU9TZn7I"", ""2018-2025!T229"")"),63.171002224999995) -> 63.171002 | F13: =IFERROR(__xludf.DUMMYFUNCTION("C13*IMPORTRANGE(""https://docs.google.com/spreadsheets/d/1xsp01RMmkav9iTy39Zaj_7tE9677EGlOJ14KU9TZn7I"", ""2018-2025!AC229"")"),9269.42056) -> 9269.4206 | G13: Capital IQ
A14: 45248 | B14: 215 | C14: =53825.61/1000 -> 53.82561 | D14: =IFERROR(__xludf.DUMMYFUNCTION("C14*IMPORTRANGE(""https://docs.google.com/spreadsheets/d/1xsp01RMmkav9iTy39Zaj_7tE9677EGlOJ14KU9TZn7I"", ""2018-2025!H252"")"),47.338009226699995) -> 47.338009 | E14: =IFERROR(__xludf.DUMMYFUNCTION("C14*IMPORTRANGE(""https://docs.google.com/spreadsheets/d/1xsp01RMmkav9iTy39Zaj_7tE9677EGlOJ14KU9TZn7I"", ""2018-2025!T252"")"),41.85883125675) -> 41.858831 | F14: =IFERROR(__xludf.DUMMYFUNCTION("C14*IMPORTRANGE(""https://docs.google.com/spreadsheets/d/1xsp01RMmkav9iTy39Zaj_7tE9677EGlOJ14KU9TZn7I"", ""2018-2025!AC252"")"),6103.12444107) -> 6103.1244 | G14: Capital IQ
A15: 45278 | B15: 221 | C15: =22160.5/1000 -> 22.1605 | D15: =IFERROR(__xludf.DUMMYFUNCTION("C15*IMPORTRANGE(""https://docs.google.com/spreadsheets/d/1xsp01RMmkav9iTy39Zaj_7tE9677EGlOJ14KU9TZn7I"", ""2018-2025!H273"")"),19.485506045) -> 19.485506 | E15: =IFERROR(__xludf.DUMMYFUNCTION("C15*IMPORTRANGE(""https://docs.google.com/spreadsheets/d/1xsp01RMmkav9iTy39Zaj_7tE9677EGlOJ14KU9TZn7I"", ""2018-2025!T273"")"),17.5112271) -> 17.511227 | F15: =IFERROR(__xludf.DUMMYFUNCTION("C15*IMPORTRANGE(""https://docs.google.com/spreadsheets/d/1xsp01RMmkav9iTy39Zaj_7tE9677EGlOJ14KU9TZn7I"", ""2018-2025!AC273"")"),2497.2445844999997) -> 2497.2446 | G15: Capital IQ
A16: 2019
A17: 43484 | B17: 175 | C17: =16401.5/1000 -> 16.4015 | D17: =IFERROR(__xludf.DUMMYFUNCTION("C17*IMPORTRANGE(""https://docs.google.com/spreadsheets/d/1xsp01RMmkav9iTy39Zaj_7tE9677EGlOJ14KU9TZn7I"", ""2018-2025!H298"")"),14.36607385) -> 14.366074 | E17: =IFERROR(__xludf.DUMMYFUNCTION("C17*IMPORTRANGE(""https://docs.google.com/spreadsheets/d/1xsp01RMmkav9iTy39Zaj_7tE9677EGlOJ14KU9TZn7I"", ""2018-2025!T298"")"),12.741833304999998) -> 12.741833 | F17: =IFERROR(__xludf.DUMMYFUNCTION("C17*IMPORTRANGE(""https://docs.google.com/spreadsheets/d/1xsp01RMmkav9iTy39Zaj_7tE9677EGlOJ14KU9TZn7I"", ""2018-2025!AC298"")"),1788.3703555) -> 1788.3704 | G17: Capital IQ
A18: 43515 | B18: 177 | C18: =72770.7/1000 -> 72.7707 | D18: =IFERROR(__xludf.DUMMYFUNCTION("C18*IMPORTRANGE(""https://docs.google.com/spreadsheets/d/1xsp01RMmkav9iTy39Zaj_7tE9677EGlOJ14KU9TZn7I"", ""2018-2025!H319"")"),64.15464912) -> 64.154649 | E18: =IFERROR(__xludf.DUMMYFUNCTION("C18*IMPORTRANGE(""https://docs.google.com/spreadsheets/d/1xsp01RMmkav9iTy39Zaj_7tE9677EGlOJ14KU9TZn7I"", ""2018-2025!T319"")"),56.00323915949999) -> 56.003239 | F18: =IFERROR(__xludf.DUMMYFUNCTION("C18*IMPORTRANGE(""https://docs.google.com/spreadsheets/d/1xsp01RMmkav9iTy39Zaj_7tE9677EGlOJ14KU9TZn7I"", ""2018-2025!AC319"")"),8044.582572899999) -> 8044.5826 | G18: Capital IQ
A19: 43543 | B19: 183 | C19: =38808.7/1000 -> 38.8087 | D19: =IFERROR(__xludf.DUMMYFUNCTION("C19*IMPORTRANGE(""https://docs.google.com/spreadsheets/d/1xsp01RMmkav9iTy39Zaj_7tE9677EGlOJ14KU9TZn7I"", ""2018-2025!H341"")"),34.301457582) -> 34.301458 | E19: =IFERROR(__xludf.DUMMYFUNCTION("C19*IMPORTRANGE(""https://docs.google.com/spreadsheets/d/1xsp01RMmkav9iTy39Zaj_7tE9677EGlOJ14KU9TZn7I"", ""2018-2025!T341"")"),29.385947639999994) -> 29.385948 | F19: =IFERROR(__xludf.DUMMYFUNCTION("C19*IMPORTRANGE(""https://docs.google.com/spreadsheets/d/1xsp01RMmkav9iTy39Zaj_7tE9677EGlOJ14KU9TZn7I"", ""2018-2025!AC341"")"),4321.038275399999) -> 4321.0383 | G19: Capital IQ
A20: 43574 | B20: 174 | C20: =28314.2/1000 -> 28.3142 | D20: =IFERROR(__xludf.DUMMYFUNCTION("C20*IMPORTRANGE(""https://docs.google.com/spreadsheets/d/1xsp01RMmkav9iTy39Zaj_7tE9677EGlOJ14KU9TZn7I"", ""2018-2025!H364"")"),25.190011172) -> 25.190011 | E20: =IFERROR(__xludf.DUMMYFUNCTION("C20*IMPORTRANGE(""https://docs.google.com/spreadsheets/d/1xsp01RMmkav9iTy39Zaj_7tE9677EGlOJ14KU9TZn7I"", ""2018-2025!T364"")"),21.708638711) -> 21.708639 | F20: =IFERROR(__xludf.DUMMYFUNCTION("C20*IMPORTRANGE(""https://docs.google.com/spreadsheets/d/1xsp01RMmkav9iTy39Zaj_7tE9677EGlOJ14KU9TZn7I"", ""2018-2025!AC364"")"),3161.7759285) -> 3161.7759 | G20: Capital IQ
A21: 43604 | B21: 169 | C21: =25545.7/1000 -> 25.5457 | D21: =IFERROR(__xludf.DUMMYFUNCTION("C21*IMPORTRANGE(""https://docs.google.com/spreadsheets/d/1xsp01RMmkav9iTy39Zaj_7tE9677EGlOJ14KU9TZn7I"", ""2018-2025!H388"")"),22.824061122) -> 22.824061 | E21: =IFERROR(__xludf.DUMMYFUNCTION("C21*IMPORTRANGE(""https://docs.google.com/spreadsheets/d/1xsp01RMmkav9iTy39Zaj_7tE9677EGlOJ14KU9TZn7I"", ""2018-2025!T388"")"),19.838279706) -> 19.83828 | F21: =IFERROR(__xludf.DUMMYFUNCTION("C21*IMPORTRANGE(""https://docs.google.com/spreadsheets/d/1xsp01RMmkav9iTy39Zaj_7tE9677EGlOJ14KU9TZn7I"", ""2018-2025!AC388"")"),2805.9141423) -> 2805.9141 | G21: Capital IQ
A22: 43635 | B22: 167 | C22: =46795.4/1000 -> 46.7954 | D22: =IFERROR(__xludf.DUMMYFUNCTION("C22*IMPORTRANGE(""https://docs.google.com/spreadsheets/d/1xsp01RMmkav9iTy39Zaj_7tE9677EGlOJ14KU9TZn7I"", ""2018-2025!H409"")"),41.455810883) -> 41.455811 | E22: =IFERROR(__xludf.DUMMYFUNCTION("C22*IMPORTRANGE(""https://docs.google.com/spreadsheets/d/1xsp01RMmkav9iTy39Zaj_7tE9677EGlOJ14KU9TZn7I"", ""2018-2025!T409"")"),36.873137361000005) -> 36.873137 | F22: =IFERROR(__xludf.DUMMYFUNCTION("C22*IMPORTRANGE(""https://docs.google.com/spreadsheets/d/1xsp01RMmkav9iTy39Zaj_7tE9677EGlOJ14KU9TZn7I"", ""2018-2025!AC409"")"),5067.356877499999) -> 5067.3569 | G22: Capital IQ
A23: 43665 | B23: 191 | C23: =52900.6/1000 -> 52.9006 | D23: =IFERROR(__xludf.DUMMYFUNCTION("C23*IMPORTRANGE(""https://docs.google.com/spreadsheets/d/1xsp01RMmkav9iTy39Zaj_7tE9677EGlOJ14KU9TZn7I"", ""2018-2025!H433"")"),47.117506408) -> 47.117506 | E23: =IFERROR(__xludf.DUMMYFUNCTION("C23*IMPORTRANGE(""https://docs.google.com/spreadsheets/d/1xsp01RMmkav9iTy39Zaj_7tE9677EGlOJ14KU9TZn7I"", ""2018-2025!T433"")"),42.277101508) -> 42.277102 | F23: =IFERROR(__xludf.DUMMYFUNCTION("C23*IMPORTRANGE(""https://docs.google.com/spreadsheets/d/1xsp01RMmkav9iTy39Zaj_7tE9677EGlOJ14KU9TZn7I"", ""2018-2025!AC433"")"),5725.5377392) -> 5725.5377 | G23: Capital IQ
A24: 43696 | B24: 181 | C24: =26209.3/1000 -> 26.2093 | D24: =IFERROR(__xludf.DUMMYFUNCTION("C24*IMPORTRANGE(""https://docs.google.com/spreadsheets/d/1xsp01RMmkav9iTy39Zaj_7tE9677EGlOJ14KU9TZn7I"", ""2018-2025!H456"")"),23.5995089525) -> 23.599509 | E24: =IFERROR(__xludf.DUMMYFUNCTION("C24*IMPORTRANGE(""https://docs.google.com/spreadsheets/d/1xsp01RMmkav9iTy39Zaj_7tE9677EGlOJ14KU9TZn7I"", ""2018-2025!T456"")"),21.5661914585) -> 21.566191 | F24: =IFERROR(__xludf.DUMMYFUNCTION("C24*IMPORTRANGE(""https://docs.google.com/spreadsheets/d/1xsp01RMmkav9iTy39Zaj_7tE9677EGlOJ14KU9TZn7I"", ""2018-2025!AC456"")"),2783.36213675) -> 2783.3621 | G24: Capital IQ
A25: 43727 | B25: 196 | C25: =26203.8/1000 -> 26.2038 | D25: =IFERROR(__xludf.DUMMYFUNCTION("C25*IMPORTRANGE(""https://docs.google.com/spreadsheets/d/1xsp01RMmkav9iTy39Zaj_7tE9677EGlOJ14KU9TZn7I"", ""2018-2025!H478"")"),23.780472575999998) -> 23.780473 | E25: =IFERROR(__xludf.DUMMYFUNCTION("C25*IMPORTRANGE(""https://docs.google.com/spreadsheets/d/1xsp01RMmkav9iTy39Zaj_7tE9677EGlOJ14KU9TZn7I"", ""2018-2025!T478"")"),21.225602075999998) -> 21.225602 | F25: =IFERROR(__xludf.DUMMYFUNCTION("C25*IMPORTRANGE(""https://docs.google.com/spreadsheets/d/1xsp01RMmkav9iTy39Zaj_7tE9677EGlOJ14KU9TZn7I"", ""2018-2025!AC478"")"),2820.8914775999997) -> 2820.8915 | G25: Capital IQ
A26: 44123 | B26: 192 | C26: =109690.6/1000 -> 109.6906 | D26: =IFERROR(__xludf.DUMMYFUNCTION("C26*IMPORTRANGE(""https://docs.google.com/spreadsheets/d/1xsp01RMmkav9iTy39Zaj_7tE9677EGlOJ14KU9TZn7I"", ""2018-2025!H502"")"),99.404912438) -> 99.404912 | E26: =IFERROR(__xludf.DUMMYFUNCTION("C26*IMPORTRANGE(""https://docs.google.com/spreadsheets/d/1xsp01RMmkav9iTy39Zaj_7tE9677EGlOJ14KU9TZn7I"", ""2018-2025!T502"")"),85.960135596) -> 85.960136 | F26: =IFERROR(__xludf.DUMMYFUNCTION("C26*IMPORTRANGE(""https://docs.google.com/spreadsheets/d/1xsp01RMmkav9iTy39Zaj_7tE9677EGlOJ14KU9TZn7I"", ""2018-2025!AC502"")"),11896.9327854) -> 11896.933 | G26: Capital IQ
A27: 43788 | B27: 190 | C27: =48655.4/1000 -> 48.6554 | D27: =IFERROR(__xludf.DUMMYFUNCTION("C27*IMPORTRANGE(""https://docs.google.com/spreadsheets/d/1xsp01RMmkav9iTy39Zaj_7tE9677EGlOJ14KU9TZn7I"", ""2018-2025!H524"")"),44.090063818000004) -> 44.090064 | E27: =IFERROR(__xludf.DUMMYFUNCTION("C27*IMPORTRANGE(""https://docs.google.com/spreadsheets/d/1xsp01RMmkav9iTy39Zaj_7tE9677EGlOJ14KU9TZn7I"", ""2018-2025!T524"")"),37.741993779999994) -> 37.741994 | F27: =IFERROR(__xludf.DUMMYFUNCTION("C27*IMPORTRANGE(""https://docs.google.com/spreadsheets/d/1xsp01RMmkav9iTy39Zaj_7tE9677EGlOJ14KU9TZn7I"", ""2018-2025!AC524"")"),5293.6102092) -> 5293.6102 | G27: Capital IQ
A28: 43818 | B28: 220 | C28: =37045.6/1000 -> 37.0456 | D28: =IFERROR(__xludf.DUMMYFUNCTION("C28*IMPORTRANGE(""https://docs.google.com/spreadsheets/d/1xsp01RMmkav9iTy39Zaj_7tE9677EGlOJ14KU9TZn7I"", ""2018-2025!H547"")"),33.379567424) -> 33.379567 | E28: =IFERROR(__xludf.DUMMYFUNCTION("C28*IMPORTRANGE(""https://docs.google.com/spreadsheets/d/1xsp01RMmkav9iTy39Zaj_7tE9677EGlOJ14KU9TZn7I"", ""2018-2025!T547"")"),28.275609883999998) -> 28.27561 | F28: =IFERROR(__xludf.DUMMYFUNCTION("C28*IMPORTRANGE(""https://docs.google.com/spreadsheets/d/1xsp01RMmkav9iTy39Zaj_7tE9677EGlOJ14KU9TZn7I"", ""2018-2025!AC547"")"),4052.1403419999997) -> 4052.1403 | G28: Capital IQ
A29: 2020
A30: 43850 | B30: 181 | C30: =35075.5/1000 -> 35.0755 | D30: =IFERROR(__xludf.DUMMYFUNCTION("C30*IMPORTRANGE(""https://docs.google.com/spreadsheets/d/1xsp01RMmkav9iTy39Zaj_7tE9677EGlOJ14KU9TZn7I"", ""2018-2025!H572"")"),31.561987164999998) -> 31.561987 | E30: =IFERROR(__xludf.DUMMYFUNCTION("C30*IMPORTRANGE(""https://docs.google.com/spreadsheets/d/1xsp01RMmkav9iTy39Zaj_7tE9677EGlOJ14KU9TZn7I"", ""2018-2025!T572"")"),26.836265049999998) -> 26.836265 | F30: =IFERROR(__xludf.DUMMYFUNCTION("C30*IMPORTRANGE(""https://docs.google.com/spreadsheets/d/1xsp01RMmkav9iTy39Zaj_7tE9677EGlOJ14KU9TZn7I"", ""2018-2025!AC572"")"),3827.859466) -> 3827.8595 | G30: Capital IQ
A31: 43881 | B31: 190 | C31: =67924.3/1000 -> 67.9243 | D31: =IFERROR(__xludf.DUMMYFUNCTION("C31*IMPORTRANGE(""https://docs.google.com/spreadsheets/d/1xsp01RMmkav9iTy39Zaj_7tE9677EGlOJ14KU9TZn7I"", ""2018-2025!H593"")"),62.4078279755) -> 62.407828 | E31: =IFERROR(__xludf.DUMMYFUNCTION("C31*IMPORTRANGE(""https://docs.google.com/spreadsheets/d/1xsp01RMmkav9iTy39Zaj_7tE9677EGlOJ14KU9TZn7I"", ""2018-2025!T593"")"),52.422616254000005) -> 52.422616 | F31: =IFERROR(__xludf.DUMMYFUNCTION("C31*IMPORTRANGE(""https://docs.google.com/spreadsheets/d/1xsp01RMmkav9iTy39Zaj_7tE9677EGlOJ14KU9TZn7I"", ""2018-2025!AC593"")"),7460.56737695) -> 7460.5674 | G31: Capital IQ
A32: 43910 | B32: 137 | C32: =64558.5/1000 -> 64.5585 | D32: =IFERROR(__xludf.DUMMYFUNCTION("C32*IMPORTRANGE(""https://docs.google.com/spreadsheets/d/1xsp01RMmkav9iTy39Zaj_7tE9677EGlOJ14KU9TZn7I"", ""2018-2025!H616"")"),57.956747789999994) -> 57.956748 | E32: =IFERROR(__xludf.DUMMYFUNCTION("C32*IMPORTRANGE(""https://docs.google.com/spreadsheets/d/1xsp01RMmkav9iTy39Zaj_7tE9677EGlOJ14KU9TZn7I"", ""2018-2025!T616"")"),51.952419938999995) -> 51.95242 | F32: =IFERROR(__xludf.DUMMYFUNCTION("C32*IMPORTRANGE(""https://docs.google.com/spreadsheets/d/1xsp01RMmkav9iTy39Zaj_7tE9677EGlOJ14KU9TZn7I"", ""2018-2025!AC616"")"),6942.9438825) -> 6942.9439 | G32: Capital IQ
A33: 43941 | B33: 107 | C33: =16741/1000 -> 16.741 | D33: =IFERROR(__xludf.DUMMYFUNCTION("C33*IMPORTRANGE(""https://docs.google.com/spreadsheets/d/1xsp01RMmkav9iTy39Zaj_7tE9677EGlOJ14KU9TZn7I"", ""2018-2025!H639"")"),15.40925345) -> 15.409253 | E33: =IFERROR(__xludf.DUMMYFUNCTION("C33*IMPORTRANGE(""https://docs.google.com/spreadsheets/d/1xsp01RMmkav9iTy39Zaj_7tE9677EGlOJ14KU9TZn7I"", ""2018-2025!T639"")"),13.48387104) -> 13.483871 | F33: =IFERROR(__xludf.DUMMYFUNCTION("C33*IMPORTRANGE(""https://docs.google.com/spreadsheets/d/1xsp01RMmkav9iTy39Zaj_7tE9677EGlOJ14KU9TZn7I"", ""2018-2025!AC639"")"),1802.4950995) -> 1802.4951 | G33: Capital IQ
A34: 43971 | B34: 125 | C34: =5455.7/1000 -> 5.4557 | D34: =IFERROR(__xludf.DUMMYFUNCTION("C34*IMPORTRANGE(""https://docs.google.com/spreadsheets/d/1xsp01RMmkav9iTy39Zaj_7tE9677EGlOJ14KU9TZn7I"", ""2018-2025!H661"")"),5.003258799) -> 5.0032588 | E34: =IFERROR(__xludf.DUMMYFUNCTION("C34*IMPORTRANGE(""https://docs.google.com/spreadsheets/d/1xsp01RMmkav9iTy39Zaj_7tE9677EGlOJ14KU9TZn7I"", ""2018-2025!T661"")"),4.448250438) -> 4.4482504 | F34: =IFERROR(__xludf.DUMMYFUNCTION("C34*IMPORTRANGE(""https://docs.google.com/spreadsheets/d/1xsp01RMmkav9iTy39Zaj_7tE9677EGlOJ14KU9TZn7I"", ""2018-2025!AC661"")"),585.7512305) -> 585.75123 | G34: Capital IQ
A35: 44002 | B35: 119 | C35: =13207.8/1000 -> 13.2078 | D35: =IFERROR(__xludf.DUMMYFUNCTION("C35*IMPORTRANGE(""https://docs.google.com/spreadsheets/d/1xsp01RMmkav9iTy39Zaj_7tE9677EGlOJ14KU9TZn7I"", ""2018-2025!H684"")"),11.738762444999999) -> 11.738762 | E35: =IFERROR(__xludf.DUMMYFUNCTION("C35*IMPORTRANGE(""https://docs.google.com/spreadsheets/d/1xsp01RMmkav9iTy39Zaj_7tE9677EGlOJ14KU9TZn7I"", ""2018-2025!T684"")"),10.533550694999999) -> 10.533551 | F35: =IFERROR(__xludf.DUMMYFUNCTION("C35*IMPORTRANGE(""https://docs.google.com/spreadsheets/d/1xsp01RMmkav9iTy39Zaj_7tE9677EGlOJ14KU9TZn7I"", ""2018-2025!AC684"")"),1417.9960119) -> 1417.996 | G35: Capital IQ
A36: 44397 | B36: 142 | C36: =28843.8/1000 -> 28.8438 | D36: =IFERROR(__xludf.DUMMYFUNCTION("C36*IMPORTRANGE(""https://docs.google.com/spreadsheets/d/1xsp01RMmkav9iTy39Zaj_7tE9677EGlOJ14KU9TZn7I"", ""2018-2025!H708"")"),25.277841006) -> 25.277841 | E36: =IFERROR(__xludf.DUMMYFUNCTION("C36*IMPORTRANGE(""https://docs.google.com/spreadsheets/d/1xsp01RMmkav9iTy39Zaj_7tE9677EGlOJ14KU9TZn7I"", ""2018-2025!T708"")"),22.882651854) -> 22.882652 | F36: =IFERROR(__xludf.DUMMYFUNCTION("C36*IMPORTRANGE(""https://docs.google.com/spreadsheets/d/1xsp01RMmkav9iTy39Zaj_7tE9677EGlOJ14KU9TZn7I"", ""2018-2025!AC708"")"),3091.9399848) -> 3091.94 | G36: Capital IQ
A37: 44428 | B37: 187 | C37: =33842.1/1000 -> 33.8421 | D37: =IFERROR(__xludf.DUMMYFUNCTION("C37*IMPORTRANGE(""https://docs.google.com/spreadsheets/d/1xsp01RMmkav9iTy39Zaj_7tE9677EGlOJ14KU9TZn7I"", ""2018-2025!H730"")"),28.632108705) -> 28.632109 | E37: =IFERROR(__xludf.DUMMYFUNCTION("C37*IMPORTRANGE(""https://docs.google.com/spreadsheets/d/1xsp01RMmkav9iTy39Zaj_7tE9677EGlOJ14KU9TZn7I"", ""2018-2025!T730"")"),25.819864037100004) -> 25.819864 | F37: =IFERROR(__xludf.DUMMYFUNCTION("C37*IMPORTRANGE(""https://docs.google.com/spreadsheets/d/1xsp01RMmkav9iTy39Zaj_7tE9677EGlOJ14KU9TZn7I"", ""2018-2025!AC730"")"),3586.9918632000004) -> 3586.9919 | G37: Capital IQ
A38: Sep-20 | B38: 173 | C38: =29980/1000 -> 29.98 | D38: =IFERROR(__xludf.DUMMYFUNCTION("C38*IMPORTRANGE(""https://docs.google.com/spreadsheets/d/1xsp01RMmkav9iTy39Zaj_7tE9677EGlOJ14KU9TZn7I"", ""2018-2025!H753"")"),25.3572339) -> 25.357234 | E38: =IFERROR(__xludf.DUMMYFUNCTION("C38*IMPORTRANGE(""https://docs.google.com/spreadsheets/d/1xsp01RMmkav9iTy39Zaj_7tE9677EGlOJ14KU9TZn7I"", ""2018-2025!T753"")"),23.224606599999998) -> 23.224607 | F38: =IFERROR(__xludf.DUMMYFUNCTION("C38*IMPORTRANGE(""https://docs.google.com/spreadsheets/d/1xsp01RMmkav9iTy39Zaj_7tE9677EGlOJ14KU9TZn7I"", ""2018-2025!AC753"")"),3168.57121) -> 3168.5712 | G38: Capital IQ
A39: 44489 | B39: 230 | C39: =68099.7/1000 -> 68.0997 | D39: =IFERROR(__xludf.DUMMYFUNCTION("C39*IMPORTRANGE(""https://docs.google.com/spreadsheets/d/1xsp01RMmkav9iTy39Zaj_7tE9677EGlOJ14KU9TZn7I"", ""2018-2025!H776"")"),57.8722827549) -> 57.872283 | E39: =IFERROR(__xludf.DUMMYFUNCTION("C39*IMPORTRANGE(""https://docs.google.com/spreadsheets/d/1xsp01RMmkav9iTy39Zaj_7tE9677EGlOJ14KU9TZn7I"", ""2018-2025!T776"")"),52.581140364) -> 52.58114 | F39: =IFERROR(__xludf.DUMMYFUNCTION("C39*IMPORTRANGE(""https://docs.google.com/spreadsheets/d/1xsp01RMmkav9iTy39Zaj_7tE9677EGlOJ14KU9TZn7I"", ""2018-2025!AC776"")"),7180.3642683) -> 7180.3643 | G39: Capital IQ
A40: 44520 | B40: 227 | C40: =113284.1/1000 -> 113.2841 | D40: =IFERROR(__xludf.DUMMYFUNCTION("C40*IMPORTRANGE(""https://docs.google.com/spreadsheets/d/1xsp01RMmkav9iTy39Zaj_7tE9677EGlOJ14KU9TZn7I"", ""2018-2025!H798"")"),95.63670290200001) -> 95.636703 | E40: =IFERROR(__xludf.DUMMYFUNCTION("C40*IMPORTRANGE(""https://docs.google.com/spreadsheets/d/1xsp01RMmkav9iTy39Zaj_7tE9677EGlOJ14KU9TZn7I"", ""2018-2025!T798"")"),85.664303579) -> 85.664304 | F40: =IFERROR(__xludf.DUMMYFUNCTION("C40*IMPORTRANGE(""https://docs.google.com/spreadsheets/d/1xsp01RMmkav9iTy39Zaj_7tE9677EGlOJ14KU9TZn7I"", ""2018-2025!AC798"")"),11839.661143300002) -> 11839.661 | G40: Capital IQ
A41: 44550 | B41: 229 | C41: =117060/1000 -> 117.06 | D41: =IFERROR(__xludf.DUMMYFUNCTION("C41*IMPORTRANGE(""https://docs.google.com/spreadsheets/d/1xsp01RMmkav9iTy39Zaj_7tE9677EGlOJ14KU9TZn7I"", ""2018-2025!H822"")"),96.31158324) -> 96.311583 | E41: =IFERROR(__xludf.DUMMYFUNCTION("C41*IMPORTRANGE(""https://docs.google.com/spreadsheets/d/1xsp01RMmkav9iTy39Zaj_7tE9677EGlOJ14KU9TZn7I"", ""2018-2025!T822"")"),87.21087059999999) -> 87.210871 | F41: =IFERROR(__xludf.DUMMYFUNCTION("C41*IMPORTRANGE(""https://docs.google.com/spreadsheets/d/1xsp01RMmkav9iTy39Zaj_7tE9677EGlOJ14KU9TZn7I"", ""2018-2025!AC822"")"),12137.83434) -> 12137.834 | G41: Capital IQ
A42: 2021
A43: 44947 | B43: 170 | C43: =78493.1/1000 -> 78.4931 | D43: =IFERROR(__xludf.DUMMYFUNCTION("C43*IMPORTRANGE(""https://docs.google.com/spreadsheets/d/1xsp01RMmkav9iTy39Zaj_7tE9677EGlOJ14KU9TZn7I"", ""2018-2025!H845"")"),64.5343580546) -> 64.534358 | E43: =IFERROR(__xludf.DUMMYFUNCTION("C43*IMPORTRANGE(""https://docs.google.com/spreadsheets/d/1xsp01RMmkav9iTy39Zaj_7tE9677EGlOJ14KU9TZn7I"", ""2018-2025!T845"")"),57.426336891000005) -> 57.426337 | F43: =IFERROR(__xludf.DUMMYFUNCTION("C43*IMPORTRANGE(""https://docs.google.com/spreadsheets/d/1xsp01RMmkav9iTy39Zaj_7tE9677EGlOJ14KU9TZn7I"", ""2018-2025!AC845"")"),8144.444056000002) -> 8144.4441 | G43: Capital IQ
A44: 44978 | B44: 185 | C44: =51538.4/1000 -> 51.5384 | D44: =IFERROR(__xludf.DUMMYFUNCTION("C44*IMPORTRANGE(""https://docs.google.com/spreadsheets/d/1xsp01RMmkav9iTy39Zaj_7tE9677EGlOJ14KU9TZn7I"", ""2018-2025!H866"")"),42.52134461280001) -> 42.521345 | E44: =IFERROR(__xludf.DUMMYFUNCTION("C44*IMPORTRANGE(""https://docs.google.com/spreadsheets/d/1xsp01RMmkav9iTy39Zaj_7tE9677EGlOJ14KU9TZn7I"", ""2018-2025!T866"")"),37.213301720000004) -> 37.213302 | F44: =IFERROR(__xludf.DUMMYFUNCTION("C44*IMPORTRANGE(""https://docs.google.com/spreadsheets/d/1xsp01RMmkav9iTy39Zaj_7tE9677EGlOJ14KU9TZn7I"", ""2018-2025!AC866"")"),5424.2362156) -> 5424.2362 | G44: Capital IQ
A45: 45006 | B45: 208 | C45: =82091.6/1000 -> 82.0916 | D45: =IFERROR(__xludf.DUMMYFUNCTION("C45*IMPORTRANGE(""https://docs.google.com/spreadsheets/d/1xsp01RMmkav9iTy39Zaj_7tE9677EGlOJ14KU9TZn7I"", ""2018-2025!H890"")"),68.836269348) -> 68.836269 | E45: =IFERROR(__xludf.DUMMYFUNCTION("C45*IMPORTRANGE(""https://docs.google.com/spreadsheets/d/1xsp01RMmkav9iTy39Zaj_7tE9677EGlOJ14KU9TZn7I"", ""2018-2025!T890"")"),59.083787267999995) -> 59.083787 | F45: =IFERROR(__xludf.DUMMYFUNCTION("C45*IMPORTRANGE(""https://docs.google.com/spreadsheets/d/1xsp01RMmkav9iTy39Zaj_7tE9677EGlOJ14KU9TZn7I"", ""2018-2025!AC890"")"),8930.745164) -> 8930.7452 | G45: Capital IQ
A46: 45037 | B46: 190 | C46: =125028.5/1000 -> 125.0285 | D46: =IFERROR(__xludf.DUMMYFUNCTION("C46*IMPORTRANGE(""https://docs.google.com/spreadsheets/d/1xsp01RMmkav9iTy39Zaj_7tE9677EGlOJ14KU9TZn7I"", ""2018-2025!H913"")"),104.44630833) -> 104.44631 | E46: =IFERROR(__xludf.DUMMYFUNCTION("C46*IMPORTRANGE(""https://docs.google.com/spreadsheets/d/1xsp01RMmkav9iTy39Zaj_7tE9677EGlOJ14KU9TZn7I"", ""2018-2025!T913"")"),90.38310265) -> 90.383103 | F46: =IFERROR(__xludf.DUMMYFUNCTION("C46*IMPORTRANGE(""https://docs.google.com/spreadsheets/d/1xsp01RMmkav9iTy39Zaj_7tE9677EGlOJ14KU9TZn7I"", ""2018-2025!AC913"")"),13615.478621499999) -> 13615.479 | G46: Capital IQ
A47: 45067 | B47: 213 | C47: =57451.6/1000 -> 57.4516 | D47: =IFERROR(__xludf.DUMMYFUNCTION("C47*IMPORTRANGE(""https://docs.google.com/spreadsheets/d/1xsp01RMmkav9iTy39Zaj_7tE9677EGlOJ14KU9TZn7I"", ""2018-2025!H935"")"),47.258537128) -> 47.258537 | E47: =IFERROR(__xludf.DUMMYFUNCTION("C47*IMPORTRANGE(""https://docs.google.com/spreadsheets/d/1xsp01RMmkav9iTy39Zaj_7tE9677EGlOJ14KU9TZn7I"", ""2018-2025!T935"")"),40.699287956) -> 40.699288 | F47: =IFERROR(__xludf.DUMMYFUNCTION("C47*IMPORTRANGE(""https://docs.google.com/spreadsheets/d/1xsp01RMmkav9iTy39Zaj_7tE9677EGlOJ14KU9TZn7I"", ""2018-2025!AC935"")"),6271.991172) -> 6271.9912 | G47: Capital IQ
A48: 45098 | B48: 217 | C48: =70164.6/1000 -> 70.1646 | D48: =IFERROR(__xludf.DUMMYFUNCTION("C48*IMPORTRANGE(""https://docs.google.com/spreadsheets/d/1xsp01RMmkav9iTy39Zaj_7tE9677EGlOJ14KU9TZn7I"", ""2018-2025!H958"")"),57.909650964) -> 57.909651 | E48: =IFERROR(__xludf.DUMMYFUNCTION("C48*IMPORTRANGE(""https://docs.google.com/spreadsheets/d/1xsp01RMmkav9iTy39Zaj_7tE9677EGlOJ14KU9TZn7I"", ""2018-2025!T958"")"),49.77722300100001) -> 49.777223 | F48: =IFERROR(__xludf.DUMMYFUNCTION("C48*IMPORTRANGE(""https://docs.google.com/spreadsheets/d/1xsp01RMmkav9iTy39Zaj_7tE9677EGlOJ14KU9TZn7I"", ""2018-2025!AC958"")"),7728.104455500001) -> 7728.1045 | G48: Capital IQ
A49: 45128 | B49: 265 | C49: =108043.9/1000 -> 108.0439 | D49: =IFERROR(__xludf.DUMMYFUNCTION("C49*IMPORTRANGE(""https://docs.google.com/spreadsheets/d/1xsp01RMmkav9iTy39Zaj_7tE9677EGlOJ14KU9TZn7I"", ""2018-2025!H981"")"),91.378128425) -> 91.378128 | E49: =IFERROR(__xludf.DUMMYFUNCTION("C49*IMPORTRANGE(""https://docs.google.com/spreadsheets/d/1xsp01RMmkav9iTy39Zaj_7tE9677EGlOJ14KU9TZn7I"", ""2018-2025!T981"")"),78.1929910885) -> 78.192991 | F49: =IFERROR(__xludf.DUMMYFUNCTION("C49*IMPORTRANGE(""https://docs.google.com/spreadsheets/d/1xsp01RMmkav9iTy39Zaj_7tE9677EGlOJ14KU9TZn7I"", ""2018-2025!AC981"")"),11910.219316499999) -> 11910.219 | G49: Capital IQ
A50: 45159 | B50: 217 | C50: =95148.5/1000 -> 95.1485 | D50: =IFERROR(__xludf.DUMMYFUNCTION("C50*IMPORTRANGE(""https://docs.google.com/spreadsheets/d/1xsp01RMmkav9iTy39Zaj_7tE9677EGlOJ14KU9TZn7I"", ""2018-2025!H1004"")"),80.94473192) -> 80.944732 | E50: =IFERROR(__xludf.DUMMYFUNCTION("C50*IMPORTRANGE(""https://docs.google.com/spreadsheets/d/1xsp01RMmkav9iTy39Zaj_7tE9677EGlOJ14KU9TZn7I"", ""2018-2025!T1004"")"),68.829473415) -> 68.829473 | F50: =IFERROR(__xludf.DUMMYFUNCTION("C50*IMPORTRANGE(""https://docs.google.com/spreadsheets/d/1xsp01RMmkav9iTy39Zaj_7tE9677EGlOJ14KU9TZn7I"", ""2018-2025!AC1004"")"),10447.685894) -> 10447.686 | G50: Capital IQ
A51: 45190 | B51: 195 | C51: =73274.6/1000 -> 73.2746 | D51: =IFERROR(__xludf.DUMMYFUNCTION("C51*IMPORTRANGE(""https://docs.google.com/spreadsheets/d/1xsp01RMmkav9iTy39Zaj_7tE9677EGlOJ14KU9TZn7I"", ""2018-2025!H1027"")"),62.05699148600001) -> 62.056991 | E51: =IFERROR(__xludf.DUMMYFUNCTION("C51*IMPORTRANGE(""https://docs.google.com/spreadsheets/d/1xsp01RMmkav9iTy39Zaj_7tE9677EGlOJ14KU9TZn7I"", ""2018-2025!T1027"")"),53.214579131) -> 53.214579 | F51: =IFERROR(__xludf.DUMMYFUNCTION("C51*IMPORTRANGE(""https://docs.google.com/spreadsheets/d/1xsp01RMmkav9iTy39Zaj_7tE9677EGlOJ14KU9TZn7I"", ""2018-2025!AC1027"")"),8057.128466800001) -> 8057.1285 | G51: Capital IQ
A52: 45220 | B52: 214 | C52: =43242.2/1000 -> 43.2422 | D52: =IFERROR(__xludf.DUMMYFUNCTION("C52*IMPORTRANGE(""https://docs.google.com/spreadsheets/d/1xsp01RMmkav9iTy39Zaj_7tE9677EGlOJ14KU9TZn7I"", ""2018-2025!H1049"")"),37.279100619999994) -> 37.279101 | E52: =IFERROR(__xludf.DUMMYFUNCTION("C52*IMPORTRANGE(""https://docs.google.com/spreadsheets/d/1xsp01RMmkav9iTy39Zaj_7tE9677EGlOJ14KU9TZn7I"", ""2018-2025!T1049"")"),31.634696254) -> 31.634696 | F52: =IFERROR(__xludf.DUMMYFUNCTION("C52*IMPORTRANGE(""https://docs.google.com/spreadsheets/d/1xsp01RMmkav9iTy39Zaj_7tE9677EGlOJ14KU9TZn7I"", ""2018-2025!AC1049"")"),4913.0057952) -> 4913.0058 | G52: Capital IQ
A53: 45251 | B53: 203 | C53: =114876.5/1000 -> 114.8765 | D53: =IFERROR(__xludf.DUMMYFUNCTION("C53*IMPORTRANGE(""https://docs.google.com/spreadsheets/d/1xsp01RMmkav9iTy39Zaj_7tE9677EGlOJ14KU9TZn7I"", ""2018-2025!H1072"")"),100.72543834749999) -> 100.72544 | E53: =IFERROR(__xludf.DUMMYFUNCTION("C53*IMPORTRANGE(""https://docs.google.com/spreadsheets/d/1xsp01RMmkav9iTy39Zaj_7tE9677EGlOJ14KU9TZn7I"", ""2018-2025!T1072"")"),85.53991381249999) -> 85.539914 | F53: =IFERROR(__xludf.DUMMYFUNCTION("C53*IMPORTRANGE(""https://docs.google.com/spreadsheets/d/1xsp01RMmkav9iTy39Zaj_7tE9677EGlOJ14KU9TZn7I"", ""2018-2025!AC1072"")"),13105.340873) -> 13105.341 | G53: Capital IQ
A54: 45281 | B54: 236 | C54: =67142.5/1000 -> 67.1425 | D54: =IFERROR(__xludf.DUMMYFUNCTION("C54*IMPORTRANGE(""https://docs.google.com/spreadsheets/d/1xsp01RMmkav9iTy39Zaj_7tE9677EGlOJ14KU9TZn7I"", ""2018-2025!H1096"")"),59.355984275) -> 59.355984 | E54: =IFERROR(__xludf.DUMMYFUNCTION("C54*IMPORTRANGE(""https://docs.google.com/spreadsheets/d/1xsp01RMmkav9iTy39Zaj_7tE9677EGlOJ14KU9TZn7I"", ""2018-2025!T1096"")"),50.598588) -> 50.598588 | F54: =IFERROR(__xludf.DUMMYFUNCTION("C54*IMPORTRANGE(""https://docs.google.com/spreadsheets/d/1xsp01RMmkav9iTy39Zaj_7tE9677EGlOJ14KU9TZn7I"", ""2018-2025!AC1096"")"),7631.617977499999) -> 7631.618 | G54: Capital IQ
A55: 2022 | I55: Jan-Dec 2022 | J55: Number of Deals | K55: Value of Deals
A56: 44948 | B56: 203 | C56: =125550.7/1000 -> 125.5507 | D56: =IFERROR(__xludf.DUMMYFUNCTION("C56*IMPORTRANGE(""https://docs.google.com/spreadsheets/d/1xsp01RMmkav9iTy39Zaj_7tE9677EGlOJ14KU9TZn7I"", ""2018-2025!H1119"")"),110.81606984799998) -> 110.81607 | E56: =IFERROR(__xludf.DUMMYFUNCTION("C56*IMPORTRANGE(""https://docs.google.com/spreadsheets/d/1xsp01RMmkav9iTy39Zaj_7tE9677EGlOJ14KU9TZn7I"", ""2018-2025!T1119"")"),92.61749588299999) -> 92.617496 | F56: =IFERROR(__xludf.DUMMYFUNCTION("C56*IMPORTRANGE(""https://docs.google.com/spreadsheets/d/1xsp01RMmkav9iTy39Zaj_7tE9677EGlOJ14KU9TZn7I"", ""2018-2025!AC1119"")"),14403.3018547) -> 14403.302 | G56: Capital IQ | J56: =SUM(B56:B67) -> 1953 | K56: =SUM(C56:C67) -> 890.02145
A57: 44979 | B57: 172 | C57: =91751.15/1000 -> 91.75115 | D57: =IFERROR(__xludf.DUMMYFUNCTION("C57*IMPORTRANGE(""https://docs.google.com/spreadsheets/d/1xsp01RMmkav9iTy39Zaj_7tE9677EGlOJ14KU9TZn7I"", ""2018-2025!H1140"")"),80.88827259575) -> 80.888273 | E57: =IFERROR(__xludf.DUMMYFUNCTION("C57*IMPORTRANGE(""https://docs.google.com/spreadsheets/d/1xsp01RMmkav9iTy39Zaj_7tE9677EGlOJ14KU9TZn7I"", ""2018-2025!T1140"")"),67.7297814185) -> 67.729781 | F57: =IFERROR(__xludf.DUMMYFUNCTION("C57*IMPORTRANGE(""https://docs.google.com/spreadsheets/d/1xsp01RMmkav9iTy39Zaj_7tE9677EGlOJ14KU9TZn7I"", ""2018-2025!AC1140"")"),10567.209323375) -> 10567.209 | G57: Capital IQ
A58: 45007 | B58: 197 | C58: =71045.6/1000 -> 71.0456 | D58: =IFERROR(__xludf.DUMMYFUNCTION("C58*IMPORTRANGE(""https://docs.google.com/spreadsheets/d/1xsp01RMmkav9iTy39Zaj_7tE9677EGlOJ14KU9TZn7I"", ""2018-2025!H1164"")"),64.485959752) -> 64.48596 | E58: =IFERROR(__xludf.DUMMYFUNCTION("C58*IMPORTRANGE(""https://docs.google.com/spreadsheets/d/1xsp01RMmkav9iTy39Zaj_7tE9677EGlOJ14KU9TZn7I"", ""2018-2025!T1164"")"),53.982578248) -> 53.982578 | F58: =IFERROR(__xludf.DUMMYFUNCTION("C58*IMPORTRANGE(""https://docs.google.com/spreadsheets/d/1xsp01RMmkav9iTy39Zaj_7tE9677EGlOJ14KU9TZn7I"", ""2018-2025!AC1164"")"),8404.1261152) -> 8404.1261 | G58: Capital IQ
A59: 45038 | B59: 163 | C59: =170854.9/1000 -> 170.8549 | D59: =IFERROR(__xludf.DUMMYFUNCTION("C59*IMPORTRANGE(""https://docs.google.com/spreadsheets/d/1xsp01RMmkav9iTy39Zaj_7tE9677EGlOJ14KU9TZn7I"", ""2018-2025!H1186"")"),157.685404308) -> 157.6854 | E59: =IFERROR(__xludf.DUMMYFUNCTION("C59*IMPORTRANGE(""https://docs.google.com/spreadsheets/d/1xsp01RMmkav9iTy39Zaj_7tE9677EGlOJ14KU9TZn7I"", ""2018-2025!T1186"")"),131.10209041699997) -> 131.10209 | F59: =IFERROR(__xludf.DUMMYFUNCTION("C59*IMPORTRANGE(""https://docs.google.com/spreadsheets/d/1xsp01RMmkav9iTy39Zaj_7tE9677EGlOJ14KU9TZn7I"", ""2018-2025!AC1186"")"),21558.3004271) -> 21558.3 | G59: Capital IQ
A60: 45068 | B60: 187 | C60: =93973.4/1000 -> 93.9734 | D60: =IFERROR(__xludf.DUMMYFUNCTION("C60*IMPORTRANGE(""https://docs.google.com/spreadsheets/d/1xsp01RMmkav9iTy39Zaj_7tE9677EGlOJ14KU9TZn7I"", ""2018-2025!H1209"")"),89.12672189499999) -> 89.126722 | E60: =IFERROR(__xludf.DUMMYFUNCTION("C60*IMPORTRANGE(""https://docs.google.com/spreadsheets/d/1xsp01RMmkav9iTy39Zaj_7tE9677EGlOJ14KU9TZn7I"", ""2018-2025!T1209"")"),75.230875237) -> 75.230875 | F60: =IFERROR(__xludf.DUMMYFUNCTION("C60*IMPORTRANGE(""https://docs.google.com/spreadsheets/d/1xsp01RMmkav9iTy39Zaj_7tE9677EGlOJ14KU9TZn7I"", ""2018-2025!AC1209"")"),12129.4286582) -> 12129.429 | G60: Capital IQ
A61: 45099 | B61: 159 | C61: =42265.4/1000 -> 42.2654 | D61: =IFERROR(__xludf.DUMMYFUNCTION("C61*IMPORTRANGE(""https://docs.google.com/spreadsheets/d/1xsp01RMmkav9iTy39Zaj_7tE9677EGlOJ14KU9TZn7I"", ""2018-2025!H1232"")"),40.041183325) -> 40.041183 | E61: =IFERROR(__xludf.DUMMYFUNCTION("C61*IMPORTRANGE(""https://docs.google.com/spreadsheets/d/1xsp01RMmkav9iTy39Zaj_7tE9677EGlOJ14KU9TZn7I"", ""2018-2025!T1232"")"),34.442919767999996) -> 34.44292 | F61: =IFERROR(__xludf.DUMMYFUNCTION("C61*IMPORTRANGE(""https://docs.google.com/spreadsheets/d/1xsp01RMmkav9iTy39Zaj_7tE9677EGlOJ14KU9TZn7I"", ""2018-2025!AC1232"")"),5689.852678800001) -> 5689.8527 | G61: Capital IQ
A62: 45129 | B62: 148 | C62: =23087.5/1000 -> 23.0875 | D62: =IFERROR(__xludf.DUMMYFUNCTION("C62*IMPORTRANGE(""https://docs.google.com/spreadsheets/d/1xsp01RMmkav9iTy39Zaj_7tE9677EGlOJ14KU9TZn7I"", ""2018-2025!H1254"")"),22.66499875) -> 22.664999 | E62: =IFERROR(__xludf.DUMMYFUNCTION("C62*IMPORTRANGE(""https://docs.google.com/spreadsheets/d/1xsp01RMmkav9iTy39Zaj_7tE9677EGlOJ14KU9TZn7I"", ""2018-2025!T1254"")"),19.245739999999998) -> 19.24574 | F62: =IFERROR(__xludf.DUMMYFUNCTION("C62*IMPORTRANGE(""https://docs.google.com/spreadsheets/d/1xsp01RMmkav9iTy39Zaj_7tE9677EGlOJ14KU9TZn7I"", ""2018-2025!AC1254"")"),3149.8507125) -> 3149.8507 | G62: Capital IQ
A63: 45160 | B63: 163 | C63: =39348.8/1000 -> 39.3488 | D63: =IFERROR(__xludf.DUMMYFUNCTION("C63*IMPORTRANGE(""https://docs.google.com/spreadsheets/d/1xsp01RMmkav9iTy39Zaj_7tE9677EGlOJ14KU9TZn7I"", ""2018-2025!H1278"")"),38.72158012800001) -> 38.72158 | E63: =IFERROR(__xludf.DUMMYFUNCTION("C63*IMPORTRANGE(""https://docs.google.com/spreadsheets/d/1xsp01RMmkav9iTy39Zaj_7tE9677EGlOJ14KU9TZn7I"", ""2018-2025!T1278"")"),32.628811936000005) -> 32.628812 | F63: =IFERROR(__xludf.DUMMYFUNCTION("C63*IMPORTRANGE(""https://docs.google.com/spreadsheets/d/1xsp01RMmkav9iTy39Zaj_7tE9677EGlOJ14KU9TZn7I"", ""2018-2025!AC1278"")"),5309.8844672000005) -> 5309.8845 | G63: Capital IQ
A64: 45191 | B64: 142 | C64: =53533.5/1000 -> 53.5335 | D64: =IFERROR(__xludf.DUMMYFUNCTION("C64*IMPORTRANGE(""https://docs.google.com/spreadsheets/d/1xsp01RMmkav9iTy39Zaj_7tE9677EGlOJ14KU9TZn7I"", ""2018-2025!H1301"")"),53.740139309999996) -> 53.740139 | E64: =IFERROR(__xludf.DUMMYFUNCTION("C64*IMPORTRANGE(""https://docs.google.com/spreadsheets/d/1xsp01RMmkav9iTy39Zaj_7tE9677EGlOJ14KU9TZn7I"", ""2018-2025!T1301"")"),46.6986103875) -> 46.69861 | F64: =IFERROR(__xludf.DUMMYFUNCTION("C64*IMPORTRANGE(""https://docs.google.com/spreadsheets/d/1xsp01RMmkav9iTy39Zaj_7tE9677EGlOJ14KU9TZn7I"", ""2018-2025!AC1301"")"),7671.029349) -> 7671.0293 | G64: Capital IQ
A65: 45221 | B65: 128 | C65: =95544.5/1000 -> 95.5445 | D65: =IFERROR(__xludf.DUMMYFUNCTION("C65*IMPORTRANGE(""https://docs.google.com/spreadsheets/d/1xsp01RMmkav9iTy39Zaj_7tE9677EGlOJ14KU9TZn7I"", ""2018-2025!H1323"")"),97.17640005999999) -> 97.1764 | E65: =IFERROR(__xludf.DUMMYFUNCTION("C65*IMPORTRANGE(""https://docs.google.com/spreadsheets/d/1xsp01RMmkav9iTy39Zaj_7tE9677EGlOJ14KU9TZn7I"", ""2018-2025!T1323"")"),84.494778575) -> 84.494779 | F65: =IFERROR(__xludf.DUMMYFUNCTION("C65*IMPORTRANGE(""https://docs.google.com/spreadsheets/d/1xsp01RMmkav9iTy39Zaj_7tE9677EGlOJ14KU9TZn7I"", ""2018-2025!AC1323"")"),14019.913296499999) -> 14019.913 | G65: Capital IQ
A66: 45252 | B66: 145 | C66: =69643.8/1000 -> 69.6438 | D66: =IFERROR(__xludf.DUMMYFUNCTION("C66*IMPORTRANGE(""https://docs.google.com/spreadsheets/d/1xsp01RMmkav9iTy39Zaj_7tE9677EGlOJ14KU9TZn7I"", ""2018-2025!H1346"")"),67.515833691) -> 67.515834 | E66: =IFERROR(__xludf.DUMMYFUNCTION("C66*IMPORTRANGE(""https://docs.google.com/spreadsheets/d/1xsp01RMmkav9iTy39Zaj_7tE9677EGlOJ14KU9TZn7I"", ""2018-2025!T1346"")"),58.9534767) -> 58.953477 | F66: =IFERROR(__xludf.DUMMYFUNCTION("C66*IMPORTRANGE(""https://docs.google.com/spreadsheets/d/1xsp01RMmkav9iTy39Zaj_7tE9677EGlOJ14KU9TZn7I"", ""2018-2025!AC1346"")"),9804.6979173) -> 9804.6979 | G66: Capital IQ
A67: 45282 | B67: 146 | C67: =13422.2/1000 -> 13.4222 | D67: =IFERROR(__xludf.DUMMYFUNCTION("C67*IMPORTRANGE(""https://docs.google.com/spreadsheets/d/1xsp01RMmkav9iTy39Zaj_7tE9677EGlOJ14KU9TZn7I"", ""2018-2025!H1369"")"),12.65445016) -> 12.65445 | E67: =IFERROR(__xludf.DUMMYFUNCTION("C67*IMPORTRANGE(""https://docs.google.com/spreadsheets/d/1xsp01RMmkav9iTy39Zaj_7tE9677EGlOJ14KU9TZn7I"", ""2018-2025!T1369"")"),11.024659524999999) -> 11.02466 | F67: =IFERROR(__xludf.DUMMYFUNCTION("C67*IMPORTRANGE(""https://docs.google.com/spreadsheets/d/1xsp01RMmkav9iTy39Zaj_7tE9677EGlOJ14KU9TZn7I"", ""2018-2025!AC1369"")"),1818.2517452000002) -> 1818.2517 | G67: Capital IQ
I68: Jan-Dec 2023 | J68: Number of Deals | K68: Value of Deals
A69: 44949 | B69: 135 | C69: =21003.8/1000 -> 21.0038 | D69: =IFERROR(__xludf.DUMMYFUNCTION("C69*IMPORTRANGE(""https://docs.google.com/spreadsheets/d/1xsp01RMmkav9iTy39Zaj_7tE9677EGlOJ14KU9TZn7I"", ""2018-2025!H1393"")"),19.427779866999998) -> 19.42778 | E69: =IFERROR(__xludf.DUMMYFUNCTION("C69*IMPORTRANGE(""https://docs.google.com/spreadsheets/d/1xsp01RMmkav9iTy39Zaj_7tE9677EGlOJ14KU9TZn7I"", ""2018-2025!T1393"")"),17.184889083999998) -> 17.184889 | F69: =IFERROR(__xludf.DUMMYFUNCTION("C69*IMPORTRANGE(""https://docs.google.com/spreadsheets/d/1xsp01RMmkav9iTy39Zaj_7tE9677EGlOJ14KU9TZn7I"", ""2018-2025!AC1393"")"),2738.0343852038) -> 2738.0344 | G69: Capital IQ | J69: =SUM(B69:B80) -> 1274 | K69: =SUM(C69:C80) -> 482.443
A70: 44980 | B70: 142 | C70: =45928.1/1000 -> 45.9281 | D70: =IFERROR(__xludf.DUMMYFUNCTION("C70*IMPORTRANGE(""https://docs.google.com/spreadsheets/d/1xsp01RMmkav9iTy39Zaj_7tE9677EGlOJ14KU9TZn7I"", ""2018-2025!H1414"")"),42.86010292) -> 42.860103 | E70: =IFERROR(__xludf.DUMMYFUNCTION("C70*IMPORTRANGE(""https://docs.google.com/spreadsheets/d/1xsp01RMmkav9iTy39Zaj_7tE9677EGlOJ14KU9TZn7I"", ""2018-2025!T1414"")"),38.103788884) -> 38.103789 | F70: =IFERROR(__xludf.DUMMYFUNCTION("C70*IMPORTRANGE(""https://docs.google.com/spreadsheets/d/1xsp01RMmkav9iTy39Zaj_7tE9677EGlOJ14KU9TZn7I"", ""2018-2025!AC1414"")"),6099.573176700001) -> 6099.5732 | G70: Capital IQ
A71: 45008 | B71: 140 | C71: =87683/1000 -> 87.683 | D71: =IFERROR(__xludf.DUMMYFUNCTION("C71*IMPORTRANGE(""https://docs.google.com/spreadsheets/d/1xsp01RMmkav9iTy39Zaj_7tE9677EGlOJ14KU9TZn7I"", ""2018-2025!H1438"")"),82.03621480000001) -> 82.036215 | E71: =IFERROR(__xludf.DUMMYFUNCTION("C71*IMPORTRANGE(""https://docs.google.com/spreadsheets/d/1xsp01RMmkav9iTy39Zaj_7tE9677EGlOJ14KU9TZn7I"", ""2018-2025!T1438"")"),72.1543407) -> 72.154341 | F71: =IFERROR(__xludf.DUMMYFUNCTION("C71*IMPORTRANGE(""https://docs.google.com/spreadsheets/d/1xsp01RMmkav9iTy39Zaj_7tE9677EGlOJ14KU9TZn7I"", ""2018-2025!AC1438"")"),11679.463633732003) -> 11679.464 | G71: Capital IQ
A72: 45039 | B72: 97 | C72: =28892.7/1000 -> 28.8927 | D72: =IFERROR(__xludf.DUMMYFUNCTION("C72*IMPORTRANGE(""https://docs.google.com/spreadsheets/d/1xsp01RMmkav9iTy39Zaj_7tE9677EGlOJ14KU9TZn7I"", ""2018-2025!H1459"")"),26.348697765) -> 26.348698 | E72: =IFERROR(__xludf.DUMMYFUNCTION("C72*IMPORTRANGE(""https://docs.google.com/spreadsheets/d/1xsp01RMmkav9iTy39Zaj_7tE9677EGlOJ14KU9TZn7I"", ""2018-2025!T1459"")"),23.23439697105) -> 23.234397 | F72: =IFERROR(__xludf.DUMMYFUNCTION("C72*IMPORTRANGE(""https://docs.google.com/spreadsheets/d/1xsp01RMmkav9iTy39Zaj_7tE9677EGlOJ14KU9TZn7I"", ""2018-2025!AC364"")"),3226.3755772500003) -> 3226.3756 | G72: Capital IQ
A73: 45069 | B73: 111 | C73: =18928.9/1000 -> 18.9289 | D73: =IFERROR(__xludf.DUMMYFUNCTION("C73*IMPORTRANGE(""https://docs.google.com/spreadsheets/d/1xsp01RMmkav9iTy39Zaj_7tE9677EGlOJ14KU9TZn7I"", ""2018-2025!H1483"")"),17.420834537) -> 17.420835 | E73: =IFERROR(__xludf.DUMMYFUNCTION("C73*IMPORTRANGE(""https://docs.google.com/spreadsheets/d/1xsp01RMmkav9iTy39Zaj_7tE9677EGlOJ14KU9TZn7I"", ""2018-2025!T1483"")"),15.163979647800002) -> 15.16398 | F73: =IFERROR(__xludf.DUMMYFUNCTION("C73*IMPORTRANGE(""https://docs.google.com/spreadsheets/d/1xsp01RMmkav9iTy39Zaj_7tE9677EGlOJ14KU9TZn7I"", ""2018-2025!AC1483"")"),2583.1512674000005) -> 2583.1513 | G73: Capital IQ
A74: 45100 | B74: 115 | C74: =52712.4/1000 -> 52.7124 | D74: =IFERROR(__xludf.DUMMYFUNCTION("C74*IMPORTRANGE(""https://docs.google.com/spreadsheets/d/1xsp01RMmkav9iTy39Zaj_7tE9677EGlOJ14KU9TZn7I"", ""2018-2025!H1506"")"),48.61269309000001) -> 48.612693 | E74: =IFERROR(__xludf.DUMMYFUNCTION("C74*IMPORTRANGE(""https://docs.google.com/spreadsheets/d/1xsp01RMmkav9iTy39Zaj_7tE9677EGlOJ14KU9TZn7I"", ""2018-2025!T1506"")"),41.731616394) -> 41.731616 | F74: =IFERROR(__xludf.DUMMYFUNCTION("C74*IMPORTRANGE(""https://docs.google.com/spreadsheets/d/1xsp01RMmkav9iTy39Zaj_7tE9677EGlOJ14KU9TZn7I"", ""2018-2025!AC1506"")"),7392.2553531372005) -> 7392.2554 | G74: Capital IQ
A75: 45130 | B75: 98 | C75: =12407.2/1000 -> 12.4072 | D75: =IFERROR(__xludf.DUMMYFUNCTION("C75*IMPORTRANGE(""https://docs.google.com/spreadsheets/d/1xsp01RMmkav9iTy39Zaj_7tE9677EGlOJ14KU9TZn7I"", ""2018-2025!H1528"")"),11.227771568000001) -> 11.227772 | E75: =IFERROR(__xludf.DUMMYFUNCTION("C75*IMPORTRANGE(""https://docs.google.com/spreadsheets/d/1xsp01RMmkav9iTy39Zaj_7tE9677EGlOJ14KU9TZn7I"", ""2018-2025!T1528"")"),9.644364704000001) -> 9.6443647 | F75: =IFERROR(__xludf.DUMMYFUNCTION("C75*IMPORTRANGE(""https://docs.google.com/spreadsheets/d/1xsp01RMmkav9iTy39Zaj_7tE9677EGlOJ14KU9TZn7I"", ""2018-2025!AC1528"")"),1748.3356991568) -> 1748.3357 | G75: Capital IQ
A76: 45161 | B76: 95 | C76: =18339.5/1000 -> 18.3395 | D76: =IFERROR(__xludf.DUMMYFUNCTION("C76*IMPORTRANGE(""https://docs.google.com/spreadsheets/d/1xsp01RMmkav9iTy39Zaj_7tE9677EGlOJ14KU9TZn7I"", ""2018-2025!H1552"")"),16.809985700000002) -> 16.809986 | E76: =IFERROR(__xludf.DUMMYFUNCTION("C76*IMPORTRANGE(""https://docs.google.com/spreadsheets/d/1xsp01RMmkav9iTy39Zaj_7tE9677EGlOJ14KU9TZn7I"", ""2018-2025!T1552"")"),14.41741453) -> 14.417415 | F76: =IFERROR(__xludf.DUMMYFUNCTION("C76*IMPORTRANGE(""https://docs.google.com/spreadsheets/d/1xsp01RMmkav9iTy39Zaj_7tE9677EGlOJ14KU9TZn7I"", ""2018-2025!AC1552"")"),2664.8209191235) -> 2664.8209 | G76: Capital IQ
A77: 45192 | B77: 75 | C77: =39047.1/1000 -> 39.0471 | D77: =IFERROR(__xludf.DUMMYFUNCTION("C77*IMPORTRANGE(""https://docs.google.com/spreadsheets/d/1xsp01RMmkav9iTy39Zaj_7tE9677EGlOJ14KU9TZn7I"", ""2018-2025!H1574"")"),36.517628862) -> 36.517629 | E77: =IFERROR(__xludf.DUMMYFUNCTION("C77*IMPORTRANGE(""https://docs.google.com/spreadsheets/d/1xsp01RMmkav9iTy39Zaj_7tE9677EGlOJ14KU9TZn7I"", ""2018-2025!T1574"")"),31.484848143) -> 31.484848 | F77: =IFERROR(__xludf.DUMMYFUNCTION("C77*IMPORTRANGE(""https://docs.google.com/spreadsheets/d/1xsp01RMmkav9iTy39Zaj_7tE9677EGlOJ14KU9TZn7I"", ""2018-2025!AC1574"")"),5763.5470393116) -> 5763.547 | G77: Capital IQ
A78: 45222 | B78: 82 | C78: =75640.4/1000 -> 75.6404 | D78: =IFERROR(__xludf.DUMMYFUNCTION("C78*IMPORTRANGE(""https://docs.google.com/spreadsheets/d/1xsp01RMmkav9iTy39Zaj_7tE9677EGlOJ14KU9TZn7I"", ""2018-2025!H1597"")"),71.586830964) -> 71.586831 | E78: =IFERROR(__xludf.DUMMYFUNCTION("C78*IMPORTRANGE(""https://docs.google.com/spreadsheets/d/1xsp01RMmkav9iTy39Zaj_7tE9677EGlOJ14KU9TZn7I"", ""2018-2025!T1597"")"),62.18926766800001) -> 62.189268 | F78: =IFERROR(__xludf.DUMMYFUNCTION("C78*IMPORTRANGE(""https://docs.google.com/spreadsheets/d/1xsp01RMmkav9iTy39Zaj_7tE9677EGlOJ14KU9TZn7I"", ""2018-2025!AC1597"")"),11326.2046219212) -> 11326.205 | G78: Capital IQ
A79: 45253 | B79: 86 | C79: =34690.9/1000 -> 34.6909 | D79: =IFERROR(__xludf.DUMMYFUNCTION("C79*IMPORTRANGE(""https://docs.google.com/spreadsheets/d/1xsp01RMmkav9iTy39Zaj_7tE9677EGlOJ14KU9TZn7I"", ""2018-2025!H1620"")"),31.9608996245) -> 31.9609 | E79: =IFERROR(__xludf.DUMMYFUNCTION("C79*IMPORTRANGE(""https://docs.google.com/spreadsheets/d/1xsp01RMmkav9iTy39Zaj_7tE9677EGlOJ14KU9TZn7I"", ""2018-2025!T1620"")"),27.934500315999998) -> 27.9345 | F79: =IFERROR(__xludf.DUMMYFUNCTION("C79*IMPORTRANGE(""https://docs.google.com/spreadsheets/d/1xsp01RMmkav9iTy39Zaj_7tE9677EGlOJ14KU9TZn7I"", ""2018-2025!AC1620"")"),5210.3128941773) -> 5210.3129 | G79: Capital IQ
A80: 45283 | B80: 98 | C80: =47169/1000 -> 47.169 | D80: =IFERROR(__xludf.DUMMYFUNCTION("C80*IMPORTRANGE(""https://docs.google.com/spreadsheets/d/1xsp01RMmkav9iTy39Zaj_7tE9677EGlOJ14KU9TZn7I"", ""2018-2025!H1642"")"),43.293123269999995) -> 43.293123 | E80: =IFERROR(__xludf.DUMMYFUNCTION("C80*IMPORTRANGE(""https://docs.google.com/spreadsheets/d/1xsp01RMmkav9iTy39Zaj_7tE9677EGlOJ14KU9TZn7I"", ""2018-2025!T1642"")"),37.2823776) -> 37.282378 | F80: =IFERROR(__xludf.DUMMYFUNCTION("C80*IMPORTRANGE(""https://docs.google.com/spreadsheets/d/1xsp01RMmkav9iTy39Zaj_7tE9677EGlOJ14KU9TZn7I"", ""2018-2025!AC1642"")"),6769.836151155) -> 6769.8362 | G80: Capital IQ
A81: 2024 | I81: Jan-Dec 2024 | J81: Number of Deals | K81: Value of Deals
A82: 45322 | B82: 75 | C82: =36107/1000 -> 36.107 | D82: =IFERROR(__xludf.DUMMYFUNCTION("C82*IMPORTRANGE(""https://docs.google.com/spreadsheets/d/1xsp01RMmkav9iTy39Zaj_7tE9677EGlOJ14KU9TZn7I"", ""2018-2025!H1667"")"),33.0415157) -> 33.041516 | E82: =IFERROR(__xludf.DUMMYFUNCTION("C82*IMPORTRANGE(""https://docs.google.com/spreadsheets/d/1xsp01RMmkav9iTy39Zaj_7tE9677EGlOJ14KU9TZn7I"", ""2018-2025!T1667"")"),28.40862653) -> 28.408627 | F82: =IFERROR(__xludf.DUMMYFUNCTION("C82*IMPORTRANGE(""https://docs.google.com/spreadsheets/d/1xsp01RMmkav9iTy39Zaj_7tE9677EGlOJ14KU9TZn7I"", ""2018-2025!AC1667"")"),5264.184174642) -> 5264.1842 | G82: Capital IQ | J82: =SUM(B82:B93) -> 1259 | K82: =SUM(C82:C93) -> 395.1733
A83: 45323 | B83: 72 | C83: =7105.9/1000 -> 7.1059 | D83: =IFERROR(__xludf.DUMMYFUNCTION("C83*IMPORTRANGE(""https://docs.google.com/spreadsheets/d/1xsp01RMmkav9iTy39Zaj_7tE9677EGlOJ14KU9TZn7I"", ""2018-2025!H1689"")"),6.584682234999999) -> 6.5846822 | E83: =IFERROR(__xludf.DUMMYFUNCTION("C83*IMPORTRANGE(""https://docs.google.com/spreadsheets/d/1xsp01RMmkav9iTy39Zaj_7tE9677EGlOJ14KU9TZn7I"", ""2018-2025!T1689"")"),5.627375387) -> 5.6273754 | F83: =IFERROR(__xludf.DUMMYFUNCTION("C83*IMPORTRANGE(""https://docs.google.com/spreadsheets/d/1xsp01RMmkav9iTy39Zaj_7tE9677EGlOJ14KU9TZn7I"", ""2018-2025!AC1689"")"),1065.4763894322998) -> 1065.4764 | G83: Capital IQ
A84: 45352 | B84: 95 | C84: =13632.4/1000 -> 13.6324 | D84: =IFERROR(__xludf.DUMMYFUNCTION("C84*IMPORTRANGE(""https://docs.google.com/spreadsheets/d/1xsp01RMmkav9iTy39Zaj_7tE9677EGlOJ14KU9TZn7I"", ""2018-2025!H1712"")"),12.549033172) -> 12.549033 | E84: =IFERROR(__xludf.DUMMYFUNCTION("C84*IMPORTRANGE(""https://docs.google.com/spreadsheets/d/1xsp01RMmkav9iTy39Zaj_7tE9677EGlOJ14KU9TZn7I"", ""2018-2025!T1712"")"),10.717792880000001) -> 10.717793 | F84: =IFERROR(__xludf.DUMMYFUNCTION("C84*IMPORTRANGE(""https://docs.google.com/spreadsheets/d/1xsp01RMmkav9iTy39Zaj_7tE9677EGlOJ14KU9TZn7I"", ""2018-2025!AC1712"")"),2046.2232195514) -> 2046.2232 | G84: Capital IQ
A85: 45383 | B85: 87 | C85: =35343.1/1000 -> 35.3431 | D85: =IFERROR(__xludf.DUMMYFUNCTION("C85*IMPORTRANGE(""https://docs.google.com/spreadsheets/d/1xsp01RMmkav9iTy39Zaj_7tE9677EGlOJ14KU9TZn7I"", ""2018-2025!H1735"")"),32.979000041) -> 32.979 | E85: =IFERROR(__xludf.DUMMYFUNCTION("C85*IMPORTRANGE(""https://docs.google.com/spreadsheets/d/1xsp01RMmkav9iTy39Zaj_7tE9677EGlOJ14KU9TZn7I"", ""2018-2025!T1735"")"),28.223232505) -> 28.223233 | F85: =IFERROR(__xludf.DUMMYFUNCTION("C85*IMPORTRANGE(""https://docs.google.com/spreadsheets/d/1xsp01RMmkav9iTy39Zaj_7tE9677EGlOJ14KU9TZn7I"", ""2018-2025!AC1735"")"),5433.807220278451) -> 5433.8072 | G85: Capital IQ
A86: 45413 | B86: 115 | C86: =48183.6/1000 -> 48.1836 | D86: =IFERROR(__xludf.DUMMYFUNCTION("C86*IMPORTRANGE(""https://docs.google.com/spreadsheets/d/1xsp01RMmkav9iTy39Zaj_7tE9677EGlOJ14KU9TZn7I"", ""2018-2025!H1759"")"),44.562120623999995) -> 44.562121 | E86: =IFERROR(__xludf.DUMMYFUNCTION("C86*IMPORTRANGE(""https://docs.google.com/spreadsheets/d/1xsp01RMmkav9iTy39Zaj_7tE9677EGlOJ14KU9TZn7I"", ""2018-2025!T1759"")"),38.023654287599996) -> 38.023654 | F86: =IFERROR(__xludf.DUMMYFUNCTION("C86*IMPORTRANGE(""https://docs.google.com/spreadsheets/d/1xsp01RMmkav9iTy39Zaj_7tE9677EGlOJ14KU9TZn7I"", ""2018-2025!AC1759"")"),7527.8684751672) -> 7527.8685 | G86: Capital IQ
A87: 45473 | B87: 124 | C87: =49410.4/1000 -> 49.4104 | D87: =IFERROR(__xludf.DUMMYFUNCTION("C87*IMPORTRANGE(""https://docs.google.com/spreadsheets/d/1xsp01RMmkav9iTy39Zaj_7tE9677EGlOJ14KU9TZn7I"", ""2018-2025!H1781"")"),46.003058816) -> 46.003059 | E87: =IFERROR(__xludf.DUMMYFUNCTION("C87*IMPORTRANGE(""https://docs.google.com/spreadsheets/d/1xsp01RMmkav9iTy39Zaj_7tE9677EGlOJ14KU9TZn7I"", ""2018-2025!T1781"")"),38.838550816) -> 38.838551 | F87: =IFERROR(__xludf.DUMMYFUNCTION("C87*IMPORTRANGE(""https://docs.google.com/spreadsheets/d/1xsp01RMmkav9iTy39Zaj_7tE9677EGlOJ14KU9TZn7I"", ""2018-2025!AC1781"")"),7784.411125452001) -> 7784.4111 | G87: Capital IQ
A88: 45504 | B88: 116 | C88: =34506.6/1000 -> 34.5066 | D88: =IFERROR(__xludf.DUMMYFUNCTION("C88*IMPORTRANGE(""https://docs.google.com/spreadsheets/d/1xsp01RMmkav9iTy39Zaj_7tE9677EGlOJ14KU9TZn7I"", ""2018-2025!H1805"")"),31.817673194999998) -> 31.817673 | E88: =IFERROR(__xludf.DUMMYFUNCTION("C88*IMPORTRANGE(""https://docs.google.com/spreadsheets/d/1xsp01RMmkav9iTy39Zaj_7tE9677EGlOJ14KU9TZn7I"", ""2018-2025!T1805"")"),26.823360444) -> 26.82336 | F88: =IFERROR(__xludf.DUMMYFUNCTION("C88*IMPORTRANGE(""https://docs.google.com/spreadsheets/d/1xsp01RMmkav9iTy39Zaj_7tE9677EGlOJ14KU9TZn7I"", ""2018-2025!AC1805"")"),5457.943601133) -> 5457.9436 | G88: Capital IQ
A89: 45535 | B89: 104 | C89: =39051.4/1000 -> 39.0514 | D89: =IFERROR(__xludf.DUMMYFUNCTION("C89*IMPORTRANGE(""https://docs.google.com/spreadsheets/d/1xsp01RMmkav9iTy39Zaj_7tE9677EGlOJ14KU9TZn7I"", ""2018-2025!H1828"")"),35.48483563800001) -> 35.484836 | E89: =IFERROR(__xludf.DUMMYFUNCTION("C89*IMPORTRANGE(""https://docs.google.com/spreadsheets/d/1xsp01RMmkav9iTy39Zaj_7tE9677EGlOJ14KU9TZn7I"", ""2018-2025!T1828"")"),30.359339388000002) -> 30.359339 | F89: =IFERROR(__xludf.DUMMYFUNCTION("C89*IMPORTRANGE(""https://docs.google.com/spreadsheets/d/1xsp01RMmkav9iTy39Zaj_7tE9677EGlOJ14KU9TZn7I"", ""2018-2025!AC1828"")"),5707.869563417301) -> 5707.8696 | G89: Capital IQ
A90: 45565 | B90: 127 | C90: =16822/1000 -> 16.822 | D90: =IFERROR(__xludf.DUMMYFUNCTION("C90*IMPORTRANGE(""https://docs.google.com/spreadsheets/d/1xsp01RMmkav9iTy39Zaj_7tE9677EGlOJ14KU9TZn7I"", ""2018-2025!H1851"")"),15.136435599999999) -> 15.136436 | E90: =IFERROR(__xludf.DUMMYFUNCTION("C90*IMPORTRANGE(""https://docs.google.com/spreadsheets/d/1xsp01RMmkav9iTy39Zaj_7tE9677EGlOJ14KU9TZn7I"", ""2018-2025!T1851"")"),12.7468705) -> 12.74687 | F90: =IFERROR(__xludf.DUMMYFUNCTION("C90*IMPORTRANGE(""https://docs.google.com/spreadsheets/d/1xsp01RMmkav9iTy39Zaj_7tE9677EGlOJ14KU9TZn7I"", ""2018-2025!AC1851"")"),2401.50872) -> 2401.5087 | G90: Capital IQ
A91: 45596 | B91: 133 | C91: =45346.2/1000 -> 45.3462 | D91: =IFERROR(__xludf.DUMMYFUNCTION("C91*IMPORTRANGE(""https://docs.google.com/spreadsheets/d/1xsp01RMmkav9iTy39Zaj_7tE9677EGlOJ14KU9TZn7I"", ""2018-2025!H1875"")"),42.912015984) -> 42.912016 | E91: =IFERROR(__xludf.DUMMYFUNCTION("C91*IMPORTRANGE(""https://docs.google.com/spreadsheets/d/1xsp01RMmkav9iTy39Zaj_7tE9677EGlOJ14KU9TZn7I"", ""2018-2025!T1875"")"),34.7351892) -> 34.735189 | F91: =IFERROR(__xludf.DUMMYFUNCTION("C91*IMPORTRANGE(""https://docs.google.com/spreadsheets/d/1xsp01RMmkav9iTy39Zaj_7tE9677EGlOJ14KU9TZn7I"", ""2018-2025!AC1875"")"),6787.645946999999) -> 6787.6459 | G91: Capital IQ
A92: 45626 | B92: 98 | C92: =22898.9/1000 -> 22.8989 | D92: =IFERROR(__xludf.DUMMYFUNCTION("C92*IMPORTRANGE(""https://docs.google.com/spreadsheets/d/1xsp01RMmkav9iTy39Zaj_7tE9677EGlOJ14KU9TZn7I"", ""2018-2025!H1897"")"),21.648620060000002) -> 21.64862 | E92: =IFERROR(__xludf.DUMMYFUNCTION("C92*IMPORTRANGE(""https://docs.google.com/spreadsheets/d/1xsp01RMmkav9iTy39Zaj_7tE9677EGlOJ14KU9TZn7I"", ""2018-2025!T1897"")"),18.0443332) -> 18.044333 | F92: =IFERROR(__xludf.DUMMYFUNCTION("C92*IMPORTRANGE(""https://docs.google.com/spreadsheets/d/1xsp01RMmkav9iTy39Zaj_7tE9677EGlOJ14KU9TZn7I"", ""2018-2025!AC1897"")"),3502.8447330000004) -> 3502.8447 | G92: Capital IQ
A93: 45627 | B93: 113 | C93: =46765.8/1000 -> 46.7658 | D93: =IFERROR(__xludf.DUMMYFUNCTION("C93*IMPORTRANGE(""https://docs.google.com/spreadsheets/d/1xsp01RMmkav9iTy39Zaj_7tE9677EGlOJ14KU9TZn7I"", ""2018-2025!H1920"")"),44.62158807000001) -> 44.621588 | E93: =IFERROR(__xludf.DUMMYFUNCTION("C93*IMPORTRANGE(""https://docs.google.com/spreadsheets/d/1xsp01RMmkav9iTy39Zaj_7tE9677EGlOJ14KU9TZn7I"", ""2018-2025!T1920"")"),37.00110096) -> 37.001101 | F93: =IFERROR(__xludf.DUMMYFUNCTION("C93*IMPORTRANGE(""https://docs.google.com/spreadsheets/d/1xsp01RMmkav9iTy39Zaj_7tE9677EGlOJ14KU9TZn7I"", ""2018-2025!AC1920"")"),7197.022791) -> 7197.0228 | G93: Capital IQ
A94: 2025 | I94: Jan-Dec 2025 | J94: Number of Deals | K94: Value of Deals
A95: 45688 | B95: 106 | C95: =56314.7/1000 -> 56.3147 | D95: =IFERROR(__xludf.DUMMYFUNCTION("C95*IMPORTRANGE(""https://docs.google.com/spreadsheets/d/1xsp01RMmkav9iTy39Zaj_7tE9677EGlOJ14KU9TZn7I"", ""2018-2025!H1945"")"),54.366211379999996) -> 54.366211 | E95: =IFERROR(__xludf.DUMMYFUNCTION("C95*IMPORTRANGE(""https://docs.google.com/spreadsheets/d/1xsp01RMmkav9iTy39Zaj_7tE9677EGlOJ14KU9TZn7I"", ""2018-2025!T1945"")"),45.552960829999996) -> 45.552961 | F95: =IFERROR(__xludf.DUMMYFUNCTION("C95*IMPORTRANGE(""https://docs.google.com/spreadsheets/d/1xsp01RMmkav9iTy39Zaj_7tE9677EGlOJ14KU9TZn7I"", ""2018-2025!AC1945"")"),8811.561108999998) -> 8811.5611 | G95: Capital IQ | J95: =SUM(B95:B106) -> 1409 | K95: =SUM(C95:C106) -> 729.9188
A96: 45716 | B96: 103 | C96: =36014.9/1000 -> 36.0149 | D96: =IFERROR(__xludf.DUMMYFUNCTION("C96*IMPORTRANGE(""https://docs.google.com/spreadsheets/d/1xsp01RMmkav9iTy39Zaj_7tE9677EGlOJ14KU9TZn7I"", ""2018-2025!H1966"")"),34.586909215000006) -> 34.586909 | E96: =IFERROR(__xludf.DUMMYFUNCTION("C96*IMPORTRANGE(""https://docs.google.com/spreadsheets/d/1xsp01RMmkav9iTy39Zaj_7tE9677EGlOJ14KU9TZn7I"", ""2018-2025!T1966"")"),28.62104103) -> 28.621041 | F96: =IFERROR(__xludf.DUMMYFUNCTION("C96*IMPORTRANGE(""https://docs.google.com/spreadsheets/d/1xsp01RMmkav9iTy39Zaj_7tE9677EGlOJ14KU9TZn7I"", ""2018-2025!AC1966"")"),5455.7171265000015) -> 5455.7171 | G96: Capital IQ
A97: 45747 | B97: 116 | C97: =97904.5/1000 -> 97.9045 | D97: =IFERROR(__xludf.DUMMYFUNCTION("C97*IMPORTRANGE(""https://docs.google.com/spreadsheets/d/1xsp01RMmkav9iTy39Zaj_7tE9677EGlOJ14KU9TZn7I"", ""2018-2025!H1988"")"),90.4050153) -> 90.405015 | E97: =IFERROR(__xludf.DUMMYFUNCTION("C97*IMPORTRANGE(""https://docs.google.com/spreadsheets/d/1xsp01RMmkav9iTy39Zaj_7tE9677EGlOJ14KU9TZn7I"", ""2018-2025!T1988"")"),75.68996895) -> 75.689969 | F97: =IFERROR(__xludf.DUMMYFUNCTION("C97*IMPORTRANGE(""https://docs.google.com/spreadsheets/d/1xsp01RMmkav9iTy39Zaj_7tE9677EGlOJ14KU9TZn7I"", ""2018-2025!AC1988"")"),14608.330445000001) -> 14608.33 | G97: Capital IQ
A98: 45777 | B98: 110 | C98: =30739.5/1000 -> 30.7395 | D98: =IFERROR(__xludf.DUMMYFUNCTION("C98*IMPORTRANGE(""https://docs.google.com/spreadsheets/d/1xsp01RMmkav9iTy39Zaj_7tE9677EGlOJ14KU9TZn7I"", ""2018-2025!H2011"")"),27.10916505) -> 27.109165 | E98: =IFERROR(__xludf.DUMMYFUNCTION("C98*IMPORTRANGE(""https://docs.google.com/spreadsheets/d/1xsp01RMmkav9iTy39Zaj_7tE9677EGlOJ14KU9TZn7I"", ""2018-2025!T2011"")"),23.222155275) -> 23.222155 | F98: =IFERROR(__xludf.DUMMYFUNCTION("C98*IMPORTRANGE(""https://docs.google.com/spreadsheets/d/1xsp01RMmkav9iTy39Zaj_7tE9677EGlOJ14KU9TZn7I"", ""2018-2025!AC2011"")"),4406.199929999999) -> 4406.1999 | G98: Capital IQ
A99: 45808 | B99: 113 | C99: =68857.9/1000 -> 68.8579 | D99: ` | E99: =IFERROR(__xludf.DUMMYFUNCTION("C99*IMPORTRANGE(""https://docs.google.com/spreadsheets/d/1xsp01RMmkav9iTy39Zaj_7tE9677EGlOJ14KU9TZn7I"", ""2018-2025!T2035"")"),51.53325236) -> 51.533252 | F99: =IFERROR(__xludf.DUMMYFUNCTION("C99*IMPORTRANGE(""https://docs.google.com/spreadsheets/d/1xsp01RMmkav9iTy39Zaj_7tE9677EGlOJ14KU9TZn7I"", ""2018-2025!AC2035"")"),9950.655128999999) -> 9950.6551 | G99: Capital IQ
A100: 45838 | B100: 125 | C100: =63726.6/1000 -> 63.7266 | D100: =IFERROR(__xludf.DUMMYFUNCTION("C100*IMPORTRANGE(""https://docs.google.com/spreadsheets/d/1xsp01RMmkav9iTy39Zaj_7tE9677EGlOJ14KU9TZn7I"", ""2018-2025!H2058"")"),55.375229069999996) -> 55.375229 | E100: =IFERROR(__xludf.DUMMYFUNCTION("C100*IMPORTRANGE(""https://docs.google.com/spreadsheets/d/1xsp01RMmkav9iTy39Zaj_7tE9677EGlOJ14KU9TZn7I"", ""2018-2025!T2058"")"),47.02385814) -> 47.023858 | F100: =IFERROR(__xludf.DUMMYFUNCTION("C100*IMPORTRANGE(""https://docs.google.com/spreadsheets/d/1xsp01RMmkav9iTy39Zaj_7tE9677EGlOJ14KU9TZn7I"", ""2018-2025!AC2058"")"),9217.415423999999) -> 9217.4154 | G100: Capital IQ
...
