Workbook
Name Segment_Metric: #N/A

Sheet Dashboard
C2: Engoo Social Media Performance Dashboard
C3: Platform: Xiaohongshu
C5: Date Range | K5: Compare Two Periods
C6: Quick Range | D6: From | E6: To | F6: Number of Days | K6: Quick Comparison | L6: Period A — From | M6: Period A — To | N6: Period B — From | O6: Period B — To | P6: Number of Days
C7: Last 30 Days | D7: {=_xlfn.IFS($C$7="All Dates",MIN(DataTbl[Date]),$C$7="Last 7 Days",MAX(DataTbl[Date])-6,$C$7="Last 30 Days",MAX(DataTbl[Date])-29,$C$7="Last 90 Days",MAX(DataTbl[Date])-89,$C$7="Custom",$D$8,TRUE,MAX(DataTbl[Date])-29)} -> 46289 | E7: {=_xlfn.IFS($C$7="All Dates",MAX(DataTbl[Date]),$C$7="Custom",$E$8,TRUE,MAX(DataTbl[Date]))} -> 46318 | F7: =IF(OR($D$7=0,$E$7=0),"",$E$7-$D$7+1) -> 30 | K7: Last 30 vs Previous 30 | L7: {=_xlfn.IFS($K$7="Last 7 vs Previous 7",MAX(DataTbl[Date])-6,$K$7="Last 30 vs Previous 30",MAX(DataTbl[Date])-29,$K$7="Last 90 vs Previous 90",MAX(DataTbl[Date])-89,$K$7="Custom A vs B",$L$8,TRUE,MAX(DataTbl[Date])-6)} -> 46289 | M7: =IF($K$7="Custom A vs B",$M$8,MAX(DataTbl[Date])) -> 46318 | N7: {=_xlfn.IFS($K$7="Last 7 vs Previous 7",MAX(DataTbl[Date])-13,$K$7="Last 30 vs Previous 30",MAX(DataTbl[Date])-59,$K$7="Last 90 vs Previous 90",MAX(DataTbl[Date])-179,$K$7="Custom A vs B",$N$8,TRUE,MAX(DataTbl[Date])-13)} -> 46259 | O7: {=_xlfn.IFS($K$7="Last 7 vs Previous 7",MAX(DataTbl[Date])-7,$K$7="Last 30 vs Previous 30",MAX(DataTbl[Date])-30,$K$7="Last 90 vs Previous 90",MAX(DataTbl[Date])-90,$K$7="Custom A vs B",$O$8,TRUE,MAX(DataTbl[Date])-7)} -> 46288 | P7: =IF(OR($L$7=0,$M$7=0),"",$M$7-$L$7+1) -> 30
C8: Custom | D8: 46266 | E8: 46295 | K8: Custom | L8: 46266 | M8: 46295 | N8: 46235 | O8: =IF(AND($K$7="Custom A vs B",ISNUMBER($N$8),ISNUMBER($P$7)),$N$8+$P$7-1,"")
C10: Key Metrics | K10: Key Metrics
C11: Total Views | D11: Total New Followers | E11: Total Engagement | F11: Avg. Engagement Rate | G11: Total Likes | H11: Total Profile Visits | K11: Views | L11: New Followers | M11: Engagement | N11: Eng. Rate | O11: Likes | P11: Profile Visits
C12: =SUMIFS(DataTbl[Views],DataTbl[Date],">="&$D$7,DataTbl[Date],"<="&$E$7) -> 33126 | D12: =SUMIFS(DataTbl[New Followers],DataTbl[Date],">="&$D$7,DataTbl[Date],"<="&$E$7) -> 324 | E12: =SUMIFS(DataTbl[Engagement],DataTbl[Date],">="&$D$7,DataTbl[Date],"<="&$E$7) -> 1781 | F12: =IFERROR(E12/C12,0) -> 0.053764415 | G12: =SUMIFS(DataTbl[Likes],DataTbl[Date],">="&$D$7,DataTbl[Date],"<="&$E$7) -> 1048 | H12: =SUMIFS(DataTbl[Profile Visits],DataTbl[Date],">="&$D$7,DataTbl[Date],"<="&$E$7) -> 2139 | J12: A | K12: =SUMIFS(DataTbl[Views],DataTbl[Date],">="&$L$7,DataTbl[Date],"<="&$M$7) -> 33126 | L12: =SUMIFS(DataTbl[New Followers],DataTbl[Date],">="&$L$7,DataTbl[Date],"<="&$M$7) -> 324 | M12: =SUMIFS(DataTbl[Engagement],DataTbl[Date],">="&$L$7,DataTbl[Date],"<="&$M$7) -> 1781 | N12: =AVERAGEIFS(DataTbl[Engagement Rate],DataTbl[Date],">="&$L$7,DataTbl[Date],"<="&$M$7) -> 0.054343401 | O12: =SUMIFS(DataTbl[Likes],DataTbl[Date],">="&$L$7,DataTbl[Date],"<="&$M$7) -> 1048 | P12: =SUMIFS(DataTbl[Profile Visits],DataTbl[Date],">="&$L$7,DataTbl[Date],"<="&$M$7) -> 2139
B13: AVG | C13: =IFERROR(C12/$F$7,0) -> 1104.2 | D13: =IFERROR(D12/$F$7,0) -> 10.8 | E13: =IFERROR(E12/$F$7,0) -> 59.366667 | G13: =IFERROR(G12/$F$7,0) -> 34.933333 | H13: =IFERROR(H12/$F$7,0) -> 71.3 | J13: B | K13: =SUMIFS(DataTbl[Views],DataTbl[Date],">="&$N$7,DataTbl[Date],"<="&$O$7) -> 33917 | L13: =SUMIFS(DataTbl[New Followers],DataTbl[Date],">="&$N$7,DataTbl[Date],"<="&$O$7) -> 340 | M13: =SUMIFS(DataTbl[Engagement],DataTbl[Date],">="&$N$7,DataTbl[Date],"<="&$O$7) -> 1786 | N13: =AVERAGEIFS(DataTbl[Engagement Rate],DataTbl[Date],">="&$N$7,DataTbl[Date],"<="&$O$7) -> 0.052356534 | O13: =SUMIFS(DataTbl[Likes],DataTbl[Date],">="&$N$7,DataTbl[Date],"<="&$O$7) -> 1068 | P13: =SUMIFS(DataTbl[Profile Visits],DataTbl[Date],">="&$N$7,DataTbl[Date],"<="&$O$7) -> 2041
B14: MAX | C14: =_xlfn.MAXIFS(DataTbl[Views],DataTbl[Date],">="&$D$7,DataTbl[Date],"<="&$E$7) -> 1529 | D14: =_xlfn.MAXIFS(DataTbl[New Followers],DataTbl[Date],">="&$D$7,DataTbl[Date],"<="&$E$7) -> 21 | E14: =_xlfn.MAXIFS(DataTbl[Engagement],DataTbl[Date],">="&$D$7,DataTbl[Date],"<="&$E$7) -> 76 | F14: =_xlfn.MAXIFS(DataTbl[Engagement Rate],DataTbl[Date],">="&$D$7,DataTbl[Date],"<="&$E$7) -> 0.071729958 | G14: =_xlfn.MAXIFS(DataTbl[Likes],DataTbl[Date],">="&$D$7,DataTbl[Date],"<="&$E$7) -> 46 | H14: =_xlfn.MAXIFS(DataTbl[Profile Visits],DataTbl[Date],">="&$D$7,DataTbl[Date],"<="&$E$7) -> 111 | J14: Δ | K14: =IFERROR((K12-K13)/K13,0) -> -0.023321638 | L14: =IFERROR((L12-L13)/L13,0) -> -0.047058824 | M14: =IFERROR((M12-M13)/M13,0) -> -0.0027995521 | N14: =IFERROR((N12-N13)/N13,0) -> 0.037948777 | O14: =IFERROR((O12-O13)/O13,0) -> -0.018726592 | P14: =IFERROR((P12-P13)/P13,0) -> 0.048015679
B15: MIN | C15: =_xlfn.MINIFS(DataTbl[Views],DataTbl[Date],">="&$D$7,DataTbl[Date],"<="&$E$7) -> 795 | D15: =_xlfn.MINIFS(DataTbl[New Followers],DataTbl[Date],">="&$D$7,DataTbl[Date],"<="&$E$7) -> 7 | E15: =_xlfn.MINIFS(DataTbl[Engagement],DataTbl[Date],">="&$D$7,DataTbl[Date],"<="&$E$7) -> 38 | F15: =_xlfn.MINIFS(DataTbl[Engagement Rate],DataTbl[Date],">="&$D$7,DataTbl[Date],"<="&$E$7) -> 0.03876652 | G15: =_xlfn.MINIFS(DataTbl[Likes],DataTbl[Date],">="&$D$7,DataTbl[Date],"<="&$E$7) -> 21 | H15: =_xlfn.MINIFS(DataTbl[Profile Visits],DataTbl[Date],">="&$D$7,DataTbl[Date],"<="&$E$7) -> 37
C17: Performance Chart | D17: ⚠️ After changing the date range: right-click the chart → Refresh | K17: Performance Chart | L17: Likes
C44: All Metrics

Sheet Data
A1: Raw Data
A2: Date | B2: Views | C2: Total Watch Time (s) | D2: Likes | E2: Saves | F2: Comments | G2: Shares | H2: Profile Visits | I2: New Followers | J2: Engagement | K2: Engagement Rate | L2: Brand Awareness
A3: MAX | B3: =MAX(B5:B1048576) -> 3571 | C3: =MAX(C5:C1048576) -> 92846 | D3: =MAX(D5:D1048576) -> 111 | E3: =MAX(E5:E1048576) -> 58 | F3: =MAX(F5:F1048576) -> 13 | G3: =MAX(G5:G1048576) -> 13 | H3: =MAX(H5:H1048576) -> 199 | I3: =MAX(I5:I1048576) -> 34 | ... L3: =MAX(L5:L1048576) -> 228
A4: MIN | B4: =MIN(B5:B1048576) -> 84 | C4: =MIN(C5:C1048576) -> 1512 | D4: =MIN(D5:D1048576) -> 2 | E4: =MIN(E5:E1048576) -> 1 | F4: =MIN(F5:F1048576) -> 0 | G4: =MIN(G5:G1048576) -> 0 | H4: =MIN(H5:H1048576) -> 4 | I4: =MIN(I5:I1048576) -> 0 | ... L4: =MIN(L5:L1048576) -> 4
A5: 45566 | B5: 167 | C5: 3173 | D5: 8 | E5: 3 | F5: 1 | G5: 1 | H5: 8 | I5: 7 | J5: =SUM(DataTbl[[#This Row],[Likes]:[Shares]]) -> 13 | K5: =DataTbl[[#This Row],[Engagement]]/DataTbl[[#This Row],[Views]] -> 0.077844311 | L5: =SUM(DataTbl[[#This Row],[Profile Visits]:[New Followers]]) -> 15
A6: 45567 | B6: 176 | C6: 3696 | D6: 7 | E6: 3 | F6: 1 | G6: 1 | H6: 11 | I6: 9 | J6: =SUM(DataTbl[[#This Row],[Likes]:[Shares]]) -> 12 | K6: =DataTbl[[#This Row],[Engagement]]/DataTbl[[#This Row],[Views]] -> 0.068181818 | L6: =SUM(DataTbl[[#This Row],[Profile Visits]:[New Followers]]) -> 20
A7: 45568 | B7: 168 | C7: 5544 | D7: 4 | E7: 2 | F7: 0 | G7: 1 | H7: 12 | I7: 8 | J7: =SUM(DataTbl[[#This Row],[Likes]:[Shares]]) -> 7 | K7: =DataTbl[[#This Row],[Engagement]]/DataTbl[[#This Row],[Views]] -> 0.041666667 | L7: =SUM(DataTbl[[#This Row],[Profile Visits]:[New Followers]]) -> 20
A8: 45569 | B8: 179 | C8: 5191 | D8: 7 | E8: 3 | F8: 1 | G8: 1 | H8: 7 | I8: 4 | J8: =SUM(DataTbl[[#This Row],[Likes]:[Shares]]) -> 12 | K8: =DataTbl[[#This Row],[Engagement]]/DataTbl[[#This Row],[Views]] -> 0.067039106 | L8: =SUM(DataTbl[[#This Row],[Profile Visits]:[New Followers]]) -> 11
A9: 45570 | B9: 89 | C9: 1691 | D9: 3 | E9: 1 | F9: 0 | G9: 1 | H9: 6 | I9: 1 | J9: =SUM(DataTbl[[#This Row],[Likes]:[Shares]]) -> 5 | K9: =DataTbl[[#This Row],[Engagement]]/DataTbl[[#This Row],[Views]] -> 0.056179775 | L9: =SUM(DataTbl[[#This Row],[Profile Visits]:[New Followers]]) -> 7
A10: 45571 | B10: 103 | C10: 2060 | D10: 3 | E10: 1 | F10: 0 | G10: 0 | H10: 6 | I10: 1 | J10: =SUM(DataTbl[[#This Row],[Likes]:[Shares]]) -> 4 | K10: =DataTbl[[#This Row],[Engagement]]/DataTbl[[#This Row],[Views]] -> 0.038834951 | L10: =SUM(DataTbl[[#This Row],[Profile Visits]:[New Followers]]) -> 7
A11: 45572 | B11: 105 | C11: 2835 | D11: 4 | E11: 2 | F11: 0 | G11: 1 | H11: 7 | I11: 1 | J11: =SUM(DataTbl[[#This Row],[Likes]:[Shares]]) -> 7 | K11: =DataTbl[[#This Row],[Engagement]]/DataTbl[[#This Row],[Views]] -> 0.066666667 | L11: =SUM(DataTbl[[#This Row],[Profile Visits]:[New Followers]]) -> 8
A12: 45573 | B12: 102 | C12: 2856 | D12: 5 | E12: 2 | F12: 1 | G12: 0 | H12: 6 | I12: 1 | J12: =SUM(DataTbl[[#This Row],[Likes]:[Shares]]) -> 8 | K12: =DataTbl[[#This Row],[Engagement]]/DataTbl[[#This Row],[Views]] -> 0.078431373 | L12: =SUM(DataTbl[[#This Row],[Profile Visits]:[New Followers]]) -> 7
A13: 45574 | B13: 93 | C13: 2883 | D13: 4 | E13: 2 | F13: 0 | G13: 1 | H13: 6 | I13: 1 | J13: =SUM(DataTbl[[#This Row],[Likes]:[Shares]]) -> 7 | K13: =DataTbl[[#This Row],[Engagement]]/DataTbl[[#This Row],[Views]] -> 0.075268817 | L13: =SUM(DataTbl[[#This Row],[Profile Visits]:[New Followers]]) -> 7
A14: 45575 | B14: 84 | C14: 1512 | D14: 2 | E14: 1 | F14: 0 | G14: 0 | H14: 5 | I14: 1 | J14: =SUM(DataTbl[[#This Row],[Likes]:[Shares]]) -> 3 | K14: =DataTbl[[#This Row],[Engagement]]/DataTbl[[#This Row],[Views]] -> 0.035714286 | L14: =SUM(DataTbl[[#This Row],[Profile Visits]:[New Followers]]) -> 6
A15: 45576 | B15: 109 | C15: 2507 | D15: 5 | E15: 2 | F15: 1 | G15: 1 | H15: 5 | I15: 1 | J15: =SUM(DataTbl[[#This Row],[Likes]:[Shares]]) -> 9 | K15: =DataTbl[[#This Row],[Engagement]]/DataTbl[[#This Row],[Views]] -> 0.082568807 | L15: =SUM(DataTbl[[#This Row],[Profile Visits]:[New Followers]]) -> 6
A16: 45577 | B16: 115 | C16: 2415 | D16: 3 | E16: 2 | F16: 1 | G16: 1 | H16: 8 | I16: 2 | J16: =SUM(DataTbl[[#This Row],[Likes]:[Shares]]) -> 7 | K16: =DataTbl[[#This Row],[Engagement]]/DataTbl[[#This Row],[Views]] -> 0.060869565 | L16: =SUM(DataTbl[[#This Row],[Profile Visits]:[New Followers]]) -> 10
... A216: 45777 | B216: 685 | C216: 17125 | D216: 18 | E216: 7 | F216: 2 | G216: 2 | H216: 30 | I216: 5 | J216: =SUM(DataTbl[[#This Row],[Likes]:[Shares]]) -> 29 | K216: =DataTbl[[#This Row],[Engagement]]/DataTbl[[#This Row],[Views]] -> 0.042335766 | L216: =SUM(DataTbl[[#This Row],[Profile Visits]:[New Followers]]) -> 35
A217: 45778 | B217: 579 | C217: 18528 | D217: 23 | E217: 10 | F217: 4 | G217: 3 | H217: 25 | I217: 11 | J217: 40 | K217: 0.069084629 | L217: 36
A218: 45779 | B218: 700 | C218: 15400 | D218: 27 | E218: 10 | F218: 5 | G218: 4 | H218: 53 | I218: 16 | J218: 46 | K218: 0.065714286 | L218: 69
A219: 45780 | B219: 748 | C219: 26180 | D219: 17 | E219: 8 | F219: 2 | G219: 3 | H219: 58 | I219: 13 | J219: 30 | K219: 0.040106952 | L219: 71
A220: 45781 | B220: 421 | C220: 7999 | D220: 13 | E220: 4 | F220: 1 | G220: 2 | H220: 34 | I220: 6 | J220: 20 | K220: 0.047505938 | L220: 40
A221: 45782 | B221: 368 | C221: 11776 | D221: 16 | E221: 6 | F221: 2 | G221: 2 | H221: 21 | I221: 4 | J221: 26 | K221: 0.070652174 | L221: 25
A222: 45783 | B222: 339 | C222: 6441 | D222: 9 | E222: 3 | F222: 1 | G222: 1 | H222: 22 | I222: 4 | J222: 14 | K222: 0.041297935 | L222: 26
A223: 45784 | B223: 281 | C223: 8992 | D223: 6 | E223: 3 | F223: 1 | G223: 1 | H223: 12 | I223: 1 | J223: 11 | K223: 0.039145907 | L223: 13
A224: 45785 | B224: 324 | C224: 6156 | D224: 14 | E224: 6 | F224: 1 | G224: 1 | H224: 17 | I224: 2 | J224: 22 | K224: 0.067901235 | L224: 19
A225: 45786 | B225: 390 | C225: 13260 | D225: 14 | E225: 6 | F225: 1 | G225: 1 | H225: 30 | I225: 4 | J225: 22 | K225: 0.056410256 | L225: 34
A226: 45787 | B226: 346 | C226: 6228 | D226: 8 | E226: 3 | F226: 1 | G226: 1 | H226: 21 | I226: 3 | J226: 13 | K226: 0.037572254 | L226: 24
A227: 45788 | B227: 383 | C227: 9958 | D227: 16 | E227: 7 | F227: 2 | G227: 2 | H227: 20 | I227: 2 | J227: 27 | K227: 0.070496084 | L227: 22
A228: 45789 | B228: 360 | C228: 12240 | D228: 10 | E228: 4 | F228: 1 | G228: 1 | H228: 18 | I228: 2 | J228: 16 | K228: 0.044444444 | L228: 20
... A757: 46318 | B757: 906 | C757: 15541 | D757: 31 | E757: 11 | F757: 4 | G757: 4 | H757: 59 | I757: 8 | J757: 50 | K757: 0.055187638 | L757: 67

Sheet Main Performance
A1: Main Metric Data
A2: Date | B2: Views | C2: Total Watch Time (min) | D2: Likes | E2: Saves | F2: Comments | G2: Shares | H2: Profile Visits | I2: New Followers | J2: Engagement | K2: Engagement Rate | L2: Brand Awareness
A3: {=IFERROR(_xlfn._xlws.SORT(_xlfn._xlws.FILTER(DataTbl[Date],(DataTbl[Date]>=Dashboard!$D$7)*(DataTbl[Date]<=Dashboard!$E$7))),"")} -> 46289 | B3: {=IFERROR(_xlfn.XLOOKUP(_xlfn.ANCHORARRAY(A3),DataTbl[Date],DataTbl[Views]),"")} -> 1220 | C3: {=IFERROR(_xlfn.XLOOKUP(_xlfn.ANCHORARRAY(A3),DataTbl[Date],DataTbl[Total Watch Time (s)]),"")} -> 23421 | D3: {=IFERROR(_xlfn.XLOOKUP(_xlfn.ANCHORARRAY(A3),DataTbl[Date],DataTbl[Likes]),"")} -> 37 | E3: {=IFERROR(_xlfn.XLOOKUP(_xlfn.ANCHORARRAY($A$3),DataTbl[Date],DataTbl[Saves]),"")} -> 13 | F3: {=IFERROR(_xlfn.XLOOKUP(_xlfn.ANCHORARRAY($A$3),DataTbl[Date],DataTbl[Comments]),"")} -> 3 | G3: {=IFERROR(_xlfn.XLOOKUP(_xlfn.ANCHORARRAY($A$3),DataTbl[Date],DataTbl[Shares]),"")} -> 4 | H3: {=IFERROR(_xlfn.XLOOKUP(_xlfn.ANCHORARRAY($A$3),DataTbl[Date],DataTbl[Profile Visits]),"")} -> 106 | I3: {=IFERROR(_xlfn.XLOOKUP(_xlfn.ANCHORARRAY($A$3),DataTbl[Date],DataTbl[New Followers]),"")} -> 13 | J3: {=IFERROR(_xlfn.XLOOKUP(_xlfn.ANCHORARRAY($A$3),DataTbl[Date],DataTbl[Engagement]),"")} -> 57 | K3: {=IFERROR(_xlfn.XLOOKUP(_xlfn.ANCHORARRAY($A$3),DataTbl[Date],DataTbl[Engagement Rate]),"")} -> 0.046721311 | L3: {=IFERROR(_xlfn.XLOOKUP(_xlfn.ANCHORARRAY($A$3),DataTbl[Date],DataTbl[Brand Awareness]),"")} -> 119
A4: 46290 | B4: 969 | C4: 17997 | D4: 28 | E4: 20 | F4: 4 | G4: 3 | H4: 72 | I4: 12 | J4: 55 | K4: 0.056759546 | L4: 84
A5: 46291 | B5: 1529 | C5: 49535 | D5: 41 | E5: 14 | F5: 7 | G5: 7 | H5: 97 | I5: 12 | J5: 69 | K5: 0.045127534 | L5: 109
A6: 46292 | B6: 1382 | C6: 42400 | D6: 42 | E6: 19 | F6: 6 | G6: 5 | H6: 78 | I6: 15 | J6: 72 | K6: 0.052098408 | L6: 93
A7: 46293 | B7: 1001 | C7: 19211 | D7: 37 | E7: 13 | F7: 4 | G7: 3 | H7: 64 | I7: 12 | J7: 57 | K7: 0.056943057 | L7: 76
A8: 46294 | B8: 1019 | C8: 28439 | D8: 35 | E8: 14 | F8: 6 | G8: 5 | H8: 54 | I8: 8 | J8: 60 | K8: 0.058881256 | L8: 62
A9: 46295 | B9: 1135 | C9: 34043 | D9: 23 | E9: 13 | F9: 4 | G9: 4 | H9: 79 | I9: 12 | J9: 44 | K9: 0.03876652 | L9: 91
A10: 46296 | B10: 926 | C10: 21875 | D10: 34 | E10: 11 | F10: 4 | G10: 6 | H10: 60 | I10: 9 | J10: 55 | K10: 0.059395248 | L10: 69
A11: 46297 | B11: 1192 | C11: 24450 | D11: 41 | E11: 18 | F11: 4 | G11: 4 | H11: 77 | I11: 11 | J11: 67 | K11: 0.056208054 | L11: 88
A12: 46298 | B12: 1419 | C12: 51346 | D12: 38 | E12: 18 | F12: 6 | G12: 6 | H12: 75 | I12: 12 | J12: 68 | K12: 0.047921071 | L12: 87
A13: 46299 | B13: 1241 | C13: 40208 | D13: 35 | E13: 11 | F13: 3 | G13: 5 | H13: 89 | I13: 15 | J13: 54 | K13: 0.043513296 | L13: 104
A14: 46300 | B14: 1081 | C14: 37775 | D14: 34 | E14: 12 | F14: 4 | G14: 5 | H14: 71 | I14: 9 | J14: 55 | K14: 0.050878816 | L14: 80
A15: 46301 | B15: 1119 | C15: 25880 | D15: 45 | E15: 19 | F15: 5 | G15: 5 | H15: 77 | I15: 8 | J15: 74 | K15: 0.066130474 | L15: 85
... A32: 46318 | B32: 906 | C32: 15541 | D32: 31 | E32: 11 | F32: 4 | G32: 4 | H32: 59 | I32: 8 | J32: 50 | K32: 0.055187638 | L32: 67

Sheet Pivot Area
A1: Filtered Data (Selected Date Range) | E1: PivotTable
A2: Date | B2: Metric | C2: Value | E2: Sum of Value | F2: Metric
A3: {=_xlfn.LET(_xlpm.d,_xlfn._xlws.FILTER(DataTbl[Date],(DataTbl[Date]>=Dashboard!D7)*(DataTbl[Date]<=Dashboard!E7)),_xlpm.v,_xlfn._xlws.FILTER(DataTbl[[Views]:[Brand Awareness]],(DataTbl[Date]>=Dashboard!D7)*(DataTbl[Date]<=Dashboard!E7)),_xlpm.h,DataTbl[[#Headers],[Views]:[Brand Awareness]],_xlpm.n,ROWS(_xlpm.d),_xlpm.m,COLUMNS(_xlpm.v),_xlpm.dr,_xlfn.TOCOL(IF(_xlfn.SEQUENCE(_xlpm.n,_xlpm.m),_xlpm.d)),_xlpm.mr,_xlfn.TOCOL(IF(_xlfn.SEQUENCE(_xlpm.n,_xlpm.m),INDEX(_xlpm.h,_xlfn.SEQUENCE(1,_xlpm.m)))),_xlpm.vr,_xlfn.TOCOL(_xlpm.v),IFERROR(_xlfn.HSTACK(_xlpm.dr,_xlpm.mr,_xlpm.vr),""))} -> 46289 | B3: Views | C3: 1220 | E3: Date | F3: Comments | G3: Likes | H3: New Followers | I3: Saves | J3: Total général
A4: 46289 | B4: Total Watch Time (s) | C4: 23421 | E4: 46289 | F4: 3 | G4: 37 | H4: 13 | I4: 13 | J4: 66
A5: 46289 | B5: Likes | C5: 37 | E5: 46290 | F5: 4 | G5: 28 | H5: 12 | I5: 20 | J5: 64
A6: 46289 | B6: Saves | C6: 13 | E6: 46291 | F6: 7 | G6: 41 | H6: 12 | I6: 14 | J6: 74
A7: 46289 | B7: Comments | C7: 3 | E7: 46292 | F7: 6 | G7: 42 | H7: 15 | I7: 19 | J7: 82
A8: 46289 | B8: Shares | C8: 4 | E8: 46293 | F8: 4 | G8: 37 | H8: 12 | I8: 13 | J8: 66
A9: 46289 | B9: Profile Visits | C9: 106 | E9: 46294 | F9: 6 | G9: 35 | H9: 8 | I9: 14 | J9: 63
A10: 46289 | B10: New Followers | C10: 13 | E10: 46295 | F10: 4 | G10: 23 | H10: 12 | I10: 13 | J10: 52
A11: 46289 | B11: Engagement | C11: 57 | E11: 46296 | F11: 4 | G11: 34 | H11: 9 | I11: 11 | J11: 58
A12: 46289 | B12: Engagement Rate | C12: 0.046721311 | E12: 46297 | F12: 4 | G12: 41 | H12: 11 | I12: 18 | J12: 74
A13: 46289 | B13: Brand Awareness | C13: 119 | E13: 46298 | F13: 6 | G13: 38 | H13: 12 | I13: 18 | J13: 74
A14: 46290 | B14: Views | C14: 969 | E14: 46299 | F14: 3 | G14: 35 | H14: 15 | I14: 11 | J14: 64
A15: 46290 | B15: Total Watch Time (s) | C15: 17997 | E15: 46300 | F15: 4 | G15: 34 | H15: 9 | I15: 12 | J15: 59
... A33: 46291 | B33: Engagement | C33: 69 | E33: 46318 | F33: 4 | G33: 31 | H33: 8 | I33: 11 | J33: 54
A34: 46291 | B34: Engagement Rate | C34: 0.045127534 | E34: Total général | F34: 128 | G34: 1048 | H34: 324 | I34: 468 | J34: 1968
A35: 46291 | B35: Brand Awareness | C35: 109
A36: 46292 | B36: Views | C36: 1382
A37: 46292 | B37: Total Watch Time (s) | C37: 42400
A38: 46292 | B38: Likes | C38: 42
A39: 46292 | B39: Saves | C39: 19
A40: 46292 | B40: Comments | C40: 6
A41: 46292 | B41: Shares | C41: 5
A42: 46292 | B42: Profile Visits | C42: 78
A43: 46292 | B43: New Followers | C43: 15
A44: 46292 | B44: Engagement | C44: 72
A45: 46292 | B45: Engagement Rate | C45: 0.052098408
A46: 46292 | B46: Brand Awareness | C46: 93
... A332: 46318 | B332: Brand Awareness | C332: 67

Sheet Comparison
A1: Period Comparison (driven by Dashboard!L17)
A2: Date (Period A) | B2: Period A | C2: Date (Period B) | D2: Period B | E2: Day | F2: Period A | G2: Period B
A3: {=IFERROR(_xlfn._xlws.SORT(_xlfn._xlws.FILTER(DataTbl[Date],(DataTbl[Date]>=Dashboard!$L$7)*(DataTbl[Date]<=Dashboard!$M$7))),"")} -> 46289 | B3: {=_xlfn.LET(_xlpm.metric,Dashboard!$L$17,_xlpm.metricCol,CHOOSE(MATCH(_xlpm.metric,{"Views","Total Watch Time (s)","Likes","Saves","Comments","Shares","Profile Visits","New Followers","Engagement","Engagement Rate","Brand Awareness"},0),DataTbl[Views],DataTbl[Total Watch Time (s)],DataTbl[Likes],DataTbl[Saves],DataTbl[Comments],DataTbl[Shares],DataTbl[Profile Visits],DataTbl[New Followers],DataTbl[Engagement],DataTbl[Engagement Rate],DataTbl[Brand Awareness]),IFERROR(_xlfn.XLOOKUP(_xlfn.ANCHORARRAY(A3),DataTbl[Date],_xlpm.metricCol),""))} -> 37 | C3: {=IFERROR(_xlfn._xlws.SORT(_xlfn._xlws.FILTER(DataTbl[Date],(DataTbl[Date]>=Dashboard!$N$7)*(DataTbl[Date]<=Dashboard!$O$7))),"")} -> 46259 | D3: {=_xlfn.LET(_xlpm.metric,Dashboard!$L$17,_xlpm.metricCol,CHOOSE(MATCH(_xlpm.metric,{"Views","Total Watch Time (s)","Likes","Saves","Comments","Shares","Profile Visits","New Followers","Engagement","Engagement Rate","Brand Awareness"},0),DataTbl[Views],DataTbl[Total Watch Time (s)],DataTbl[Likes],DataTbl[Saves],DataTbl[Comments],DataTbl[Shares],DataTbl[Profile Visits],DataTbl[New Followers],DataTbl[Engagement],DataTbl[Engagement Rate],DataTbl[Brand Awareness]),IFERROR(_xlfn.XLOOKUP(_xlfn.ANCHORARRAY(C3),DataTbl[Date],_xlpm.metricCol),""))} -> 51 | E3: {=_xlfn.LET(_xlpm.n,Dashboard!$P$7,_xlfn.SEQUENCE(_xlpm.n))} -> 1 | F3: {=_xlfn.LET(_xlpm.n,Dashboard!$P$7,IF(_xlfn.SEQUENCE(_xlpm.n,1)>0,_xlfn.ANCHORARRAY(B3)))} -> 37 | G3: {=_xlfn.LET(_xlpm.n,Dashboard!$P$7,IF(_xlfn.SEQUENCE(_xlpm.n,1)>0,_xlfn.ANCHORARRAY(D3)))} -> 51
A4: 46290 | B4: 28 | C4: 46260 | D4: 18 | E4: 2 | F4: 28 | G4: 18
A5: 46291 | B5: 41 | C5: 46261 | D5: 26 | E5: 3 | F5: 41 | G5: 26
A6: 46292 | B6: 42 | C6: 46262 | D6: 25 | E6: 4 | F6: 42 | G6: 25
A7: 46293 | B7: 37 | C7: 46263 | D7: 28 | E7: 5 | F7: 37 | G7: 28
A8: 46294 | B8: 35 | C8: 46264 | D8: 29 | E8: 6 | F8: 35 | G8: 29
A9: 46295 | B9: 23 | C9: 46265 | D9: 28 | E9: 7 | F9: 23 | G9: 28
A10: 46296 | B10: 34 | C10: 46266 | D10: 44 | E10: 8 | F10: 34 | G10: 44
A11: 46297 | B11: 41 | C11: 46267 | D11: 34 | E11: 9 | F11: 41 | G11: 34
A12: 46298 | B12: 38 | C12: 46268 | D12: 29 | E12: 10 | F12: 38 | G12: 29
A13: 46299 | B13: 35 | C13: 46269 | D13: 27 | E13: 11 | F13: 35 | G13: 27
A14: 46300 | B14: 34 | C14: 46270 | D14: 33 | E14: 12 | F14: 34 | G14: 33
A15: 46301 | B15: 45 | C15: 46271 | D15: 29 | E15: 13 | F15: 45 | G15: 29
... A32: 46318 | B32: 31 | C32: 46288 | D32: 32 | E32: 30 | F32: 31 | G32: 32
